datetime,00060_Mean,00060_Mean_cd,site_no
2016-05-17 00:00:00+00:00,381.0,"A, e",08053430
2016-05-18 00:00:00+00:00,376.0,A,08053430
2016-05-19 00:00:00+00:00,296.0,A,08053430
2016-05-20 00:00:00+00:00,296.0,A,08053430
2016-05-21 00:00:00+00:00,183.0,A,08053430
2016-05-22 00:00:00+00:00,129.0,A,08053430
2016-05-23 00:00:00+00:00,1780.0,A,08053430
2016-05-24 00:00:00+00:00,3180.0,A,08053430
2016-05-25 00:00:00+00:00,1290.0,A,08053430
2016-05-26 00:00:00+00:00,876.0,A,08053430
2016-05-27 00:00:00+00:00,1110.0,A,08053430
2016-05-28 00:00:00+00:00,751.0,A,08053430
2016-05-29 00:00:00+00:00,476.0,A,08053430
2016-05-30 00:00:00+00:00,1540.0,A,08053430
2016-05-31 00:00:00+00:00,860.0,A,08053430
2016-06-01 00:00:00+00:00,662.0,A,08053430
2016-06-02 00:00:00+00:00,1910.0,A,08053430
2016-06-03 00:00:00+00:00,3800.0,A,08053430
2016-06-04 00:00:00+00:00,1960.0,A,08053430
2016-06-05 00:00:00+00:00,1320.0,A,08053430
2016-06-06 00:00:00+00:00,927.0,A,08053430
2016-06-07 00:00:00+00:00,610.0,A,08053430
2016-06-08 00:00:00+00:00,447.0,A,08053430
2016-06-09 00:00:00+00:00,357.0,A,08053430
2016-06-10 00:00:00+00:00,289.0,A,08053430
2016-06-11 00:00:00+00:00,307.0,A,08053430
2016-06-12 00:00:00+00:00,990.0,A,08053430
2016-06-13 00:00:00+00:00,2370.0,A,08053430
2016-06-14 00:00:00+00:00,1250.0,A,08053430
2016-06-15 00:00:00+00:00,666.0,A,08053430
2016-06-16 00:00:00+00:00,438.0,A,08053430
2016-06-17 00:00:00+00:00,318.0,A,08053430
2016-06-18 00:00:00+00:00,232.0,A,08053430
2016-06-19 00:00:00+00:00,179.0,A,08053430
2016-06-20 00:00:00+00:00,144.0,A,08053430
2016-06-21 00:00:00+00:00,123.0,A,08053430
2016-06-22 00:00:00+00:00,108.0,A,08053430
2016-06-23 00:00:00+00:00,97.1,A,08053430
2016-06-24 00:00:00+00:00,91.2,A,08053430
2016-06-25 00:00:00+00:00,88.0,A,08053430
2016-06-26 00:00:00+00:00,86.9,A,08053430
2016-06-27 00:00:00+00:00,78.4,A,08053430
2016-06-28 00:00:00+00:00,75.5,A,08053430
2016-06-29 00:00:00+00:00,70.7,A,08053430
2016-06-30 00:00:00+00:00,68.1,A,08053430
2016-07-01 00:00:00+00:00,65.5,A,08053430
2016-07-02 00:00:00+00:00,61.4,A,08053430
2016-07-03 00:00:00+00:00,59.2,A,08053430
2016-07-04 00:00:00+00:00,131.0,A,08053430
2016-07-05 00:00:00+00:00,116.0,A,08053430
2016-07-06 00:00:00+00:00,91.7,A,08053430
2016-07-07 00:00:00+00:00,73.8,A,08053430
2016-07-08 00:00:00+00:00,65.1,A,08053430
2016-07-09 00:00:00+00:00,64.7,A,08053430
2016-07-10 00:00:00+00:00,61.6,A,08053430
2016-07-11 00:00:00+00:00,60.4,A,08053430
2016-07-12 00:00:00+00:00,48.7,A,08053430
2016-07-13 00:00:00+00:00,44.3,A,08053430
2016-07-14 00:00:00+00:00,41.8,A,08053430
2016-07-15 00:00:00+00:00,65.3,A,08053430
2016-07-16 00:00:00+00:00,63.5,A,08053430
2016-07-17 00:00:00+00:00,50.0,A,08053430
2016-07-18 00:00:00+00:00,43.1,A,08053430
2016-07-19 00:00:00+00:00,38.3,A,08053430
2016-07-20 00:00:00+00:00,29.7,A,08053430
2016-07-21 00:00:00+00:00,24.1,A,08053430
2016-07-22 00:00:00+00:00,23.3,A,08053430
2016-07-23 00:00:00+00:00,22.7,A,08053430
2016-07-24 00:00:00+00:00,20.8,A,08053430
2016-07-25 00:00:00+00:00,19.5,A,08053430
2016-07-26 00:00:00+00:00,20.3,A,08053430
2016-07-27 00:00:00+00:00,22.5,A,08053430
2016-07-28 00:00:00+00:00,23.7,A,08053430
2016-07-29 00:00:00+00:00,21.5,A,08053430
2016-07-30 00:00:00+00:00,19.3,A,08053430
2016-07-31 00:00:00+00:00,17.1,A,08053430
2016-08-01 00:00:00+00:00,15.2,A,08053430
2016-08-02 00:00:00+00:00,14.2,A,08053430
2016-08-03 00:00:00+00:00,14.8,A,08053430
2016-08-04 00:00:00+00:00,13.5,A,08053430
2016-08-05 00:00:00+00:00,12.7,A,08053430
2016-08-06 00:00:00+00:00,12.1,A,08053430
2016-08-07 00:00:00+00:00,11.8,A,08053430
2016-08-08 00:00:00+00:00,11.9,A,08053430
2016-08-09 00:00:00+00:00,15.6,A,08053430
2016-08-10 00:00:00+00:00,11.7,A,08053430
2016-08-11 00:00:00+00:00,10.9,A,08053430
2016-08-12 00:00:00+00:00,10.5,A,08053430
2016-08-13 00:00:00+00:00,18.3,A,08053430
2016-08-14 00:00:00+00:00,21.5,A,08053430
2016-08-15 00:00:00+00:00,13.4,A,08053430
2016-08-16 00:00:00+00:00,12.5,A,08053430
2016-08-17 00:00:00+00:00,12.5,A,08053430
2016-08-18 00:00:00+00:00,13.4,A,08053430
2016-08-19 00:00:00+00:00,338.0,A,08053430
2016-08-20 00:00:00+00:00,744.0,A,08053430
2016-08-21 00:00:00+00:00,273.0,A,08053430
2016-08-22 00:00:00+00:00,121.0,A,08053430
2016-08-23 00:00:00+00:00,74.5,A,08053430
2016-08-24 00:00:00+00:00,45.1,A,08053430
2016-08-25 00:00:00+00:00,28.6,A,08053430
2016-08-26 00:00:00+00:00,25.6,A,08053430
2016-08-27 00:00:00+00:00,25.2,A,08053430
2016-08-28 00:00:00+00:00,24.0,A,08053430
2016-08-29 00:00:00+00:00,22.8,A,08053430
2016-08-30 00:00:00+00:00,22.7,A,08053430
2016-08-31 00:00:00+00:00,22.0,A,08053430
2016-09-01 00:00:00+00:00,27.0,A,08053430
2016-09-02 00:00:00+00:00,31.6,A,08053430
2016-09-03 00:00:00+00:00,26.4,A,08053430
2016-09-04 00:00:00+00:00,22.4,A,08053430
2016-09-05 00:00:00+00:00,20.7,A,08053430
2016-09-06 00:00:00+00:00,18.6,A,08053430
2016-09-07 00:00:00+00:00,17.3,A,08053430
2016-09-08 00:00:00+00:00,16.2,A,08053430
2016-09-09 00:00:00+00:00,15.1,A,08053430
2016-09-10 00:00:00+00:00,47.8,A,08053430
2016-09-11 00:00:00+00:00,32.5,A,08053430
2016-09-12 00:00:00+00:00,21.7,A,08053430
2016-09-13 00:00:00+00:00,19.5,A,08053430
2016-09-14 00:00:00+00:00,18.7,A,08053430
2016-09-15 00:00:00+00:00,19.0,A,08053430
2016-09-16 00:00:00+00:00,21.0,A,08053430
2016-09-17 00:00:00+00:00,19.6,A,08053430
2016-09-18 00:00:00+00:00,19.4,A,08053430
2016-09-19 00:00:00+00:00,23.5,A,08053430
2016-09-20 00:00:00+00:00,18.7,A,08053430
2016-09-21 00:00:00+00:00,19.4,A,08053430
2016-09-22 00:00:00+00:00,18.9,A,08053430
2016-09-23 00:00:00+00:00,29.3,A,08053430
2016-09-24 00:00:00+00:00,26.4,A,08053430
2016-09-25 00:00:00+00:00,30.5,A,08053430
2016-09-26 00:00:00+00:00,63.0,A,08053430
2016-09-27 00:00:00+00:00,28.6,A,08053430
2016-09-28 00:00:00+00:00,22.2,A,08053430
2016-09-29 00:00:00+00:00,19.5,A,08053430
2016-09-30 00:00:00+00:00,17.9,A,08053430
2016-10-01 00:00:00+00:00,17.6,A,08053430
2016-10-02 00:00:00+00:00,17.3,A,08053430
2016-10-03 00:00:00+00:00,17.1,A,08053430
2016-10-04 00:00:00+00:00,17.2,A,08053430
2016-10-05 00:00:00+00:00,16.8,A,08053430
2016-10-06 00:00:00+00:00,16.0,A,08053430
2016-10-07 00:00:00+00:00,369.0,A,08053430
2016-10-08 00:00:00+00:00,228.0,A,08053430
2016-10-09 00:00:00+00:00,81.8,A,08053430
2016-10-10 00:00:00+00:00,40.7,A,08053430
2016-10-11 00:00:00+00:00,26.7,A,08053430
2016-10-12 00:00:00+00:00,21.3,A,08053430
2016-10-13 00:00:00+00:00,19.7,A,08053430
2016-10-14 00:00:00+00:00,18.4,A,08053430
2016-10-15 00:00:00+00:00,18.3,A,08053430
2016-10-16 00:00:00+00:00,17.9,A,08053430
2016-10-17 00:00:00+00:00,17.2,A,08053430
2016-10-18 00:00:00+00:00,16.2,A,08053430
2016-10-19 00:00:00+00:00,15.4,A,08053430
2016-10-20 00:00:00+00:00,24.8,A,08053430
2016-10-21 00:00:00+00:00,33.9,A,08053430
2016-10-22 00:00:00+00:00,23.4,A,08053430
2016-10-23 00:00:00+00:00,19.7,A,08053430
2016-10-24 00:00:00+00:00,17.9,A,08053430
2016-10-25 00:00:00+00:00,16.5,A,08053430
2016-10-26 00:00:00+00:00,14.7,A,08053430
2016-10-27 00:00:00+00:00,102.0,A,08053430
2016-10-28 00:00:00+00:00,63.9,A,08053430
2016-10-29 00:00:00+00:00,29.4,A,08053430
2016-10-30 00:00:00+00:00,21.3,A,08053430
2016-10-31 00:00:00+00:00,18.1,A,08053430
2016-11-01 00:00:00+00:00,16.7,A,08053430
2016-11-02 00:00:00+00:00,16.0,A,08053430
2016-11-03 00:00:00+00:00,225.0,A,08053430
2016-11-04 00:00:00+00:00,177.0,A,08053430
2016-11-05 00:00:00+00:00,67.5,A,08053430
2016-11-06 00:00:00+00:00,38.6,A,08053430
2016-11-07 00:00:00+00:00,404.0,A,08053430
2016-11-08 00:00:00+00:00,790.0,A,08053430
2016-11-09 00:00:00+00:00,291.0,A,08053430
2016-11-10 00:00:00+00:00,111.0,A,08053430
2016-11-11 00:00:00+00:00,74.3,A,08053430
2016-11-12 00:00:00+00:00,55.3,A,08053430
2016-11-13 00:00:00+00:00,43.7,A,08053430
2016-11-14 00:00:00+00:00,39.5,A,08053430
2016-11-15 00:00:00+00:00,36.3,A,08053430
2016-11-16 00:00:00+00:00,37.4,A,08053430
2016-11-17 00:00:00+00:00,36.1,A,08053430
2016-11-18 00:00:00+00:00,35.6,A,08053430
2016-11-19 00:00:00+00:00,31.0,A,08053430
2016-11-20 00:00:00+00:00,31.4,A,08053430
2016-11-21 00:00:00+00:00,32.9,A,08053430
2016-11-22 00:00:00+00:00,33.9,A,08053430
2016-11-23 00:00:00+00:00,33.5,A,08053430
2016-11-24 00:00:00+00:00,32.8,A,08053430
2016-11-25 00:00:00+00:00,31.1,A,08053430
2016-11-26 00:00:00+00:00,29.8,A,08053430
2016-11-27 00:00:00+00:00,30.7,A,08053430
2016-11-28 00:00:00+00:00,406.0,A,08053430
2016-11-29 00:00:00+00:00,354.0,A,08053430
2016-11-30 00:00:00+00:00,131.0,A,08053430
2016-12-01 00:00:00+00:00,68.1,A,08053430
2016-12-02 00:00:00+00:00,50.7,A,08053430
2016-12-03 00:00:00+00:00,48.5,A,08053430
2016-12-04 00:00:00+00:00,61.2,A,08053430
2016-12-05 00:00:00+00:00,54.7,A,08053430
2016-12-06 00:00:00+00:00,47.8,A,08053430
2016-12-07 00:00:00+00:00,41.7,A,08053430
2016-12-08 00:00:00+00:00,36.1,A,08053430
2016-12-09 00:00:00+00:00,32.6,A,08053430
2016-12-10 00:00:00+00:00,32.8,A,08053430
2016-12-11 00:00:00+00:00,34.5,A,08053430
2016-12-12 00:00:00+00:00,33.7,A,08053430
2016-12-13 00:00:00+00:00,31.8,A,08053430
2016-12-14 00:00:00+00:00,30.1,A,08053430
2016-12-15 00:00:00+00:00,29.2,A,08053430
2016-12-16 00:00:00+00:00,31.0,A,08053430
2016-12-17 00:00:00+00:00,33.2,A,08053430
2016-12-18 00:00:00+00:00,29.2,A,08053430
2016-12-19 00:00:00+00:00,29.4,A,08053430
2016-12-20 00:00:00+00:00,30.9,A,08053430
2016-12-21 00:00:00+00:00,31.2,A,08053430
2016-12-22 00:00:00+00:00,30.0,A,08053430
2016-12-23 00:00:00+00:00,29.7,A,08053430
2016-12-24 00:00:00+00:00,31.5,A,08053430
2016-12-25 00:00:00+00:00,32.3,A,08053430
2016-12-26 00:00:00+00:00,31.5,A,08053430
2016-12-27 00:00:00+00:00,28.7,A,08053430
2016-12-28 00:00:00+00:00,29.0,A,08053430
2016-12-29 00:00:00+00:00,27.5,A,08053430
2016-12-30 00:00:00+00:00,25.8,A,08053430
2016-12-31 00:00:00+00:00,27.7,A,08053430
2017-01-01 00:00:00+00:00,28.1,A,08053430
2017-01-02 00:00:00+00:00,33.8,A,08053430
2017-01-03 00:00:00+00:00,36.9,A,08053430
2017-01-04 00:00:00+00:00,31.6,A,08053430
2017-01-05 00:00:00+00:00,30.6,A,08053430
2017-01-06 00:00:00+00:00,30.8,A,08053430
2017-01-07 00:00:00+00:00,62.4,A,08053430
2017-01-08 00:00:00+00:00,62.6,A,08053430
2017-01-09 00:00:00+00:00,31.5,A,08053430
2017-01-10 00:00:00+00:00,30.9,A,08053430
2017-01-11 00:00:00+00:00,29.6,A,08053430
2017-01-12 00:00:00+00:00,29.1,A,08053430
2017-01-13 00:00:00+00:00,27.7,A,08053430
2017-01-14 00:00:00+00:00,30.1,A,08053430
2017-01-15 00:00:00+00:00,87.4,A,08053430
2017-01-16 00:00:00+00:00,923.0,A,08053430
2017-01-17 00:00:00+00:00,433.0,A,08053430
2017-01-18 00:00:00+00:00,284.0,A,08053430
2017-01-19 00:00:00+00:00,231.0,A,08053430
2017-01-20 00:00:00+00:00,144.0,A,08053430
2017-01-21 00:00:00+00:00,101.0,A,08053430
2017-01-22 00:00:00+00:00,81.2,A,08053430
2017-01-23 00:00:00+00:00,63.5,A,08053430
2017-01-24 00:00:00+00:00,58.1,A,08053430
2017-01-25 00:00:00+00:00,52.6,A,08053430
2017-01-26 00:00:00+00:00,46.3,A,08053430
2017-01-27 00:00:00+00:00,44.3,A,08053430
2017-01-28 00:00:00+00:00,42.3,A,08053430
2017-01-29 00:00:00+00:00,41.7,A,08053430
2017-01-30 00:00:00+00:00,40.6,A,08053430
2017-01-31 00:00:00+00:00,40.1,A,08053430
2017-02-01 00:00:00+00:00,39.9,A,08053430
2017-02-02 00:00:00+00:00,37.0,A,08053430
2017-02-03 00:00:00+00:00,34.7,A,08053430
2017-02-04 00:00:00+00:00,34.5,A,08053430
2017-02-05 00:00:00+00:00,35.7,A,08053430
2017-02-06 00:00:00+00:00,36.5,A,08053430
2017-02-07 00:00:00+00:00,37.3,A,08053430
2017-02-08 00:00:00+00:00,35.7,A,08053430
2017-02-09 00:00:00+00:00,33.5,A,08053430
2017-02-10 00:00:00+00:00,35.4,A,08053430
2017-02-11 00:00:00+00:00,34.5,A,08053430
2017-02-12 00:00:00+00:00,33.5,A,08053430
2017-02-13 00:00:00+00:00,31.6,A,08053430
2017-02-14 00:00:00+00:00,99.0,A,08053430
2017-02-15 00:00:00+00:00,145.0,A,08053430
2017-02-16 00:00:00+00:00,87.7,A,08053430
2017-02-17 00:00:00+00:00,67.8,A,08053430
2017-02-18 00:00:00+00:00,60.6,A,08053430
2017-02-19 00:00:00+00:00,54.5,A,08053430
2017-02-20 00:00:00+00:00,389.0,A,08053430
2017-02-21 00:00:00+00:00,295.0,A,08053430
2017-02-22 00:00:00+00:00,148.0,A,08053430
2017-02-23 00:00:00+00:00,100.0,A,08053430
2017-02-24 00:00:00+00:00,74.8,A,08053430
2017-02-25 00:00:00+00:00,59.3,A,08053430
2017-02-26 00:00:00+00:00,55.2,A,08053430
2017-02-27 00:00:00+00:00,55.3,A,08053430
2017-02-28 00:00:00+00:00,56.0,A,08053430
2017-03-01 00:00:00+00:00,53.2,A,08053430
2017-03-02 00:00:00+00:00,46.0,A,08053430
2017-03-03 00:00:00+00:00,43.9,A,08053430
2017-03-04 00:00:00+00:00,43.8,A,08053430
2017-03-05 00:00:00+00:00,46.1,A,08053430
2017-03-06 00:00:00+00:00,48.8,A,08053430
2017-03-07 00:00:00+00:00,46.9,A,08053430
2017-03-08 00:00:00+00:00,41.6,A,08053430
2017-03-09 00:00:00+00:00,42.1,A,08053430
2017-03-10 00:00:00+00:00,42.6,A,08053430
2017-03-11 00:00:00+00:00,42.0,A,08053430
2017-03-12 00:00:00+00:00,41.0,A,08053430
2017-03-13 00:00:00+00:00,40.7,A,08053430
2017-03-14 00:00:00+00:00,38.4,A,08053430
2017-03-15 00:00:00+00:00,37.7,A,08053430
2017-03-16 00:00:00+00:00,37.8,A,08053430
2017-03-17 00:00:00+00:00,39.1,A,08053430
2017-03-18 00:00:00+00:00,38.4,A,08053430
2017-03-19 00:00:00+00:00,37.3,A,08053430
2017-03-20 00:00:00+00:00,36.8,A,08053430
2017-03-21 00:00:00+00:00,35.8,A,08053430
2017-03-22 00:00:00+00:00,34.9,A,08053430
2017-03-23 00:00:00+00:00,34.7,A,08053430
2017-03-24 00:00:00+00:00,36.9,A,08053430
2017-03-25 00:00:00+00:00,33.5,A,08053430
2017-03-26 00:00:00+00:00,34.7,A,08053430
2017-03-27 00:00:00+00:00,39.9,A,08053430
2017-03-28 00:00:00+00:00,37.2,A,08053430
2017-03-29 00:00:00+00:00,68.8,A,08053430
2017-03-30 00:00:00+00:00,66.6,A,08053430
2017-03-31 00:00:00+00:00,48.4,A,08053430
2017-04-01 00:00:00+00:00,41.9,A,08053430
2017-04-02 00:00:00+00:00,143.0,A,08053430
2017-04-03 00:00:00+00:00,252.0,A,08053430
2017-04-04 00:00:00+00:00,129.0,A,08053430
2017-04-05 00:00:00+00:00,75.8,A,08053430
2017-04-06 00:00:00+00:00,55.3,A,08053430
2017-04-07 00:00:00+00:00,47.4,A,08053430
2017-04-08 00:00:00+00:00,44.1,A,08053430
2017-04-09 00:00:00+00:00,41.4,A,08053430
2017-04-10 00:00:00+00:00,39.1,A,08053430
2017-04-11 00:00:00+00:00,36.4,A,08053430
2017-04-12 00:00:00+00:00,34.3,A,08053430
2017-04-13 00:00:00+00:00,34.0,A,08053430
2017-04-14 00:00:00+00:00,34.0,A,08053430
2017-04-15 00:00:00+00:00,32.1,A,08053430
2017-04-16 00:00:00+00:00,31.0,A,08053430
2017-04-17 00:00:00+00:00,142.0,A,08053430
2017-04-18 00:00:00+00:00,537.0,A,08053430
2017-04-19 00:00:00+00:00,257.0,A,08053430
2017-04-20 00:00:00+00:00,120.0,A,08053430
2017-04-21 00:00:00+00:00,76.6,A,08053430
2017-04-22 00:00:00+00:00,112.0,A,08053430
2017-04-23 00:00:00+00:00,96.5,A,08053430
2017-04-24 00:00:00+00:00,62.7,A,08053430
2017-04-25 00:00:00+00:00,49.1,A,08053430
2017-04-26 00:00:00+00:00,42.6,A,08053430
2017-04-27 00:00:00+00:00,38.8,A,08053430
2017-04-28 00:00:00+00:00,36.9,A,08053430
2017-04-29 00:00:00+00:00,35.4,A,08053430
2017-04-30 00:00:00+00:00,33.2,A,08053430
2017-05-01 00:00:00+00:00,32.0,A,08053430
2017-05-02 00:00:00+00:00,30.1,A,08053430
2017-05-03 00:00:00+00:00,29.2,A,08053430
2017-05-04 00:00:00+00:00,28.6,A,08053430
2017-05-05 00:00:00+00:00,27.9,A,08053430
2017-05-06 00:00:00+00:00,26.7,A,08053430
2017-05-07 00:00:00+00:00,25.9,A,08053430
2017-05-08 00:00:00+00:00,24.5,A,08053430
2017-05-09 00:00:00+00:00,23.5,A,08053430
2017-05-10 00:00:00+00:00,23.9,A,08053430
2017-05-11 00:00:00+00:00,26.0,A,08053430
2017-05-12 00:00:00+00:00,23.5,A,08053430
2017-05-13 00:00:00+00:00,21.4,A,08053430
2017-05-14 00:00:00+00:00,20.4,A,08053430
2017-05-15 00:00:00+00:00,19.1,A,08053430
2017-05-16 00:00:00+00:00,18.8,A,08053430
2017-05-17 00:00:00+00:00,22.3,A,08053430
2017-05-18 00:00:00+00:00,20.4,A,08053430
2017-05-19 00:00:00+00:00,21.0,A,08053430
2017-05-20 00:00:00+00:00,22.0,A,08053430
2017-05-21 00:00:00+00:00,19.3,A,08053430
2017-05-22 00:00:00+00:00,18.3,A,08053430
2017-05-23 00:00:00+00:00,105.0,A,08053430
2017-05-24 00:00:00+00:00,84.3,A,08053430
2017-05-25 00:00:00+00:00,40.7,A,08053430
2017-05-26 00:00:00+00:00,28.0,A,08053430
2017-05-27 00:00:00+00:00,22.9,A,08053430
2017-05-28 00:00:00+00:00,52.5,A,08053430
2017-05-29 00:00:00+00:00,38.4,A,08053430
2017-05-30 00:00:00+00:00,24.7,A,08053430
2017-05-31 00:00:00+00:00,20.0,A,08053430
2017-06-01 00:00:00+00:00,23.1,A,08053430
2017-06-02 00:00:00+00:00,556.0,A,08053430
2017-06-03 00:00:00+00:00,722.0,A,08053430
2017-06-04 00:00:00+00:00,419.0,A,08053430
2017-06-05 00:00:00+00:00,271.0,A,08053430
2017-06-06 00:00:00+00:00,112.0,A,08053430
2017-06-07 00:00:00+00:00,47.3,A,08053430
2017-06-08 00:00:00+00:00,31.1,A,08053430
2017-06-09 00:00:00+00:00,400.0,A,08053430
2017-06-10 00:00:00+00:00,556.0,A,08053430
2017-06-11 00:00:00+00:00,399.0,A,08053430
2017-06-12 00:00:00+00:00,332.0,A,08053430
2017-06-13 00:00:00+00:00,226.0,A,08053430
2017-06-14 00:00:00+00:00,127.0,A,08053430
2017-06-15 00:00:00+00:00,65.0,A,08053430
2017-06-16 00:00:00+00:00,35.3,A,08053430
2017-06-17 00:00:00+00:00,25.0,A,08053430
2017-06-18 00:00:00+00:00,20.5,A,08053430
2017-06-19 00:00:00+00:00,24.3,A,08053430
2017-06-20 00:00:00+00:00,50.1,A,08053430
2017-06-21 00:00:00+00:00,27.9,A,08053430
2017-06-22 00:00:00+00:00,19.3,A,08053430
2017-06-23 00:00:00+00:00,16.8,A,08053430
2017-06-24 00:00:00+00:00,199.0,A,08053430
2017-06-25 00:00:00+00:00,383.0,A,08053430
2017-06-26 00:00:00+00:00,140.0,A,08053430
2017-06-27 00:00:00+00:00,67.3,A,08053430
2017-06-28 00:00:00+00:00,41.4,A,08053430
2017-06-29 00:00:00+00:00,30.1,A,08053430
2017-06-30 00:00:00+00:00,23.9,A,08053430
2017-07-01 00:00:00+00:00,36.9,A,08053430
2017-07-02 00:00:00+00:00,82.0,A,08053430
2017-07-03 00:00:00+00:00,40.9,A,08053430
2017-07-04 00:00:00+00:00,38.3,A,08053430
2017-07-05 00:00:00+00:00,42.7,A,08053430
2017-07-06 00:00:00+00:00,32.3,A,08053430
2017-07-07 00:00:00+00:00,23.7,A,08053430
2017-07-08 00:00:00+00:00,19.4,A,08053430
2017-07-09 00:00:00+00:00,18.5,A,08053430
2017-07-10 00:00:00+00:00,30.7,A,08053430
2017-07-11 00:00:00+00:00,24.8,A,08053430
2017-07-12 00:00:00+00:00,17.0,A,08053430
2017-07-13 00:00:00+00:00,13.7,A,08053430
2017-07-14 00:00:00+00:00,12.0,A,08053430
2017-07-15 00:00:00+00:00,12.0,A,08053430
2017-07-16 00:00:00+00:00,11.7,A,08053430
2017-07-17 00:00:00+00:00,10.6,A,08053430
2017-07-18 00:00:00+00:00,9.41,A,08053430
2017-07-19 00:00:00+00:00,8.37,A,08053430
2017-07-20 00:00:00+00:00,7.6,A,08053430
2017-07-21 00:00:00+00:00,7.54,A,08053430
2017-07-22 00:00:00+00:00,6.81,A,08053430
2017-07-23 00:00:00+00:00,6.15,A,08053430
2017-07-24 00:00:00+00:00,259.0,A,08053430
2017-07-25 00:00:00+00:00,90.0,A,08053430
2017-07-26 00:00:00+00:00,32.8,A,08053430
2017-07-27 00:00:00+00:00,18.6,A,08053430
2017-07-28 00:00:00+00:00,13.0,A,08053430
2017-07-29 00:00:00+00:00,9.98,A,08053430
2017-07-30 00:00:00+00:00,7.84,A,08053430
2017-07-31 00:00:00+00:00,6.4,A,08053430
2017-08-01 00:00:00+00:00,5.97,A,08053430
2017-08-02 00:00:00+00:00,9.44,A,08053430
2017-08-03 00:00:00+00:00,9.52,A,08053430
2017-08-04 00:00:00+00:00,7.61,A,08053430
2017-08-05 00:00:00+00:00,6.34,A,08053430
2017-08-06 00:00:00+00:00,5.47,A,08053430
2017-08-07 00:00:00+00:00,5.64,A,08053430
2017-08-08 00:00:00+00:00,5.69,A,08053430
2017-08-09 00:00:00+00:00,5.12,A,08053430
2017-08-10 00:00:00+00:00,4.68,A,08053430
2017-08-11 00:00:00+00:00,4.32,A,08053430
2017-08-12 00:00:00+00:00,4.16,A,08053430
2017-08-13 00:00:00+00:00,26.3,A,08053430
2017-08-14 00:00:00+00:00,31.1,A,08053430
2017-08-15 00:00:00+00:00,27.7,A,08053430
2017-08-16 00:00:00+00:00,10.5,A,08053430
2017-08-17 00:00:00+00:00,7.76,A,08053430
2017-08-18 00:00:00+00:00,6.77,A,08053430
2017-08-19 00:00:00+00:00,7.8,A,08053430
2017-08-20 00:00:00+00:00,6.77,A,08053430
2017-08-21 00:00:00+00:00,5.12,A,08053430
2017-08-22 00:00:00+00:00,4.26,A,08053430
2017-08-23 00:00:00+00:00,61.3,A,08053430
2017-08-24 00:00:00+00:00,59.5,A,08053430
2017-08-25 00:00:00+00:00,25.0,A,08053430
2017-08-26 00:00:00+00:00,23.2,A,08053430
2017-08-27 00:00:00+00:00,14.9,A,08053430
2017-08-28 00:00:00+00:00,10.3,A,08053430
2017-08-29 00:00:00+00:00,7.83,A,08053430
2017-08-30 00:00:00+00:00,6.13,A,08053430
2017-08-31 00:00:00+00:00,5.52,A,08053430
2017-09-01 00:00:00+00:00,4.9,A,08053430
2017-09-02 00:00:00+00:00,4.59,A,08053430
2017-09-03 00:00:00+00:00,4.49,A,08053430
2017-09-04 00:00:00+00:00,4.22,A,08053430
2017-09-05 00:00:00+00:00,3.73,A,08053430
2017-09-06 00:00:00+00:00,3.33,A,08053430
2017-09-07 00:00:00+00:00,3.07,A,08053430
2017-09-08 00:00:00+00:00,3.01,A,08053430
2017-09-09 00:00:00+00:00,2.95,A,08053430
2017-09-10 00:00:00+00:00,3.0,A,08053430
2017-09-11 00:00:00+00:00,2.9,A,08053430
2017-09-12 00:00:00+00:00,2.85,A,08053430
2017-09-13 00:00:00+00:00,2.95,A,08053430
2017-09-14 00:00:00+00:00,2.77,A,08053430
2017-09-15 00:00:00+00:00,2.61,A,08053430
2017-09-16 00:00:00+00:00,2.41,A,08053430
2017-09-17 00:00:00+00:00,2.23,A,08053430
2017-09-18 00:00:00+00:00,2.21,A,08053430
2017-09-19 00:00:00+00:00,2.19,A,08053430
2017-09-20 00:00:00+00:00,2.82,A,08053430
2017-09-21 00:00:00+00:00,7.81,A,08053430
2017-09-22 00:00:00+00:00,3.44,A,08053430
2017-09-23 00:00:00+00:00,2.43,A,08053430
2017-09-24 00:00:00+00:00,2.15,A,08053430
2017-09-25 00:00:00+00:00,2.2,A,08053430
2017-09-26 00:00:00+00:00,2.73,A,08053430
2017-09-27 00:00:00+00:00,6.34,A,08053430
2017-09-28 00:00:00+00:00,6.24,A,08053430
2017-09-29 00:00:00+00:00,23.6,A,08053430
2017-09-30 00:00:00+00:00,95.6,A,08053430
2017-10-01 00:00:00+00:00,37.8,A,08053430
2017-10-02 00:00:00+00:00,17.2,A,08053430
2017-10-03 00:00:00+00:00,10.8,A,08053430
2017-10-04 00:00:00+00:00,9.26,A,08053430
2017-10-05 00:00:00+00:00,6.96,A,08053430
2017-10-06 00:00:00+00:00,6.27,A,08053430
2017-10-07 00:00:00+00:00,5.5,A,08053430
2017-10-08 00:00:00+00:00,4.84,A,08053430
2017-10-09 00:00:00+00:00,4.53,A,08053430
2017-10-10 00:00:00+00:00,6.44,A,08053430
2017-10-11 00:00:00+00:00,4.95,A,08053430
2017-10-12 00:00:00+00:00,4.37,A,08053430
2017-10-13 00:00:00+00:00,4.19,A,08053430
2017-10-14 00:00:00+00:00,4.05,A,08053430
2017-10-15 00:00:00+00:00,3.87,A,08053430
2017-10-16 00:00:00+00:00,3.53,A,08053430
2017-10-17 00:00:00+00:00,3.42,A,08053430
2017-10-18 00:00:00+00:00,3.58,A,08053430
2017-10-19 00:00:00+00:00,3.7,A,08053430
2017-10-20 00:00:00+00:00,3.6,A,08053430
2017-10-21 00:00:00+00:00,3.69,A,08053430
2017-10-22 00:00:00+00:00,5.65,A,08053430
2017-10-23 00:00:00+00:00,5.99,A,08053430
2017-10-24 00:00:00+00:00,4.94,A,08053430
2017-10-25 00:00:00+00:00,3.92,A,08053430
2017-10-26 00:00:00+00:00,3.67,A,08053430
2017-10-27 00:00:00+00:00,3.63,A,08053430
2017-10-28 00:00:00+00:00,3.51,A,08053430
2017-10-29 00:00:00+00:00,3.49,A,08053430
2017-10-30 00:00:00+00:00,3.85,A,08053430
2017-10-31 00:00:00+00:00,4.33,A,08053430
2017-11-01 00:00:00+00:00,4.58,A,08053430
2017-11-02 00:00:00+00:00,4.87,A,08053430
2017-11-03 00:00:00+00:00,4.74,A,08053430
2017-11-04 00:00:00+00:00,4.54,A,08053430
2017-11-05 00:00:00+00:00,4.77,A,08053430
2017-11-06 00:00:00+00:00,4.82,A,08053430
2017-11-07 00:00:00+00:00,4.63,A,08053430
2017-11-08 00:00:00+00:00,6.24,A,08053430
2017-11-09 00:00:00+00:00,8.74,A,08053430
2017-11-10 00:00:00+00:00,7.58,A,08053430
2017-11-11 00:00:00+00:00,6.42,A,08053430
2017-11-12 00:00:00+00:00,6.34,A,08053430
2017-11-13 00:00:00+00:00,6.52,A,08053430
2017-11-14 00:00:00+00:00,6.5,A,08053430
2017-11-15 00:00:00+00:00,6.45,A,08053430
2017-11-16 00:00:00+00:00,6.88,A,08053430
2017-11-17 00:00:00+00:00,6.98,A,08053430
2017-11-18 00:00:00+00:00,7.17,A,08053430
2017-11-19 00:00:00+00:00,6.07,A,08053430
2017-11-20 00:00:00+00:00,6.28,A,08053430
2017-11-21 00:00:00+00:00,6.94,A,08053430
2017-11-22 00:00:00+00:00,7.16,A,08053430
2017-11-23 00:00:00+00:00,6.78,A,08053430
2017-11-24 00:00:00+00:00,7.3,A,08053430
2017-11-25 00:00:00+00:00,7.7,A,08053430
2017-11-26 00:00:00+00:00,7.57,A,08053430
2017-11-27 00:00:00+00:00,7.24,A,08053430
2017-11-28 00:00:00+00:00,7.68,A,08053430
2017-11-29 00:00:00+00:00,8.21,A,08053430
2017-11-30 00:00:00+00:00,7.61,A,08053430
2017-12-01 00:00:00+00:00,7.32,A,08053430
2017-12-02 00:00:00+00:00,7.89,A,08053430
2017-12-03 00:00:00+00:00,8.19,A,08053430
2017-12-04 00:00:00+00:00,8.3,A,08053430
2017-12-05 00:00:00+00:00,7.89,A,08053430
2017-12-06 00:00:00+00:00,6.65,A,08053430
2017-12-07 00:00:00+00:00,6.88,A,08053430
2017-12-08 00:00:00+00:00,6.95,A,08053430
2017-12-09 00:00:00+00:00,7.51,A,08053430
2017-12-10 00:00:00+00:00,7.57,A,08053430
2017-12-11 00:00:00+00:00,7.58,A,08053430
2017-12-12 00:00:00+00:00,7.94,A,08053430
2017-12-13 00:00:00+00:00,8.06,A,08053430
2017-12-14 00:00:00+00:00,8.42,A,08053430
2017-12-15 00:00:00+00:00,8.3,A,08053430
2017-12-16 00:00:00+00:00,8.26,A,08053430
2017-12-17 00:00:00+00:00,9.86,A,08053430
2017-12-18 00:00:00+00:00,9.04,A,08053430
2017-12-19 00:00:00+00:00,11.5,A,08053430
2017-12-20 00:00:00+00:00,45.2,A,08053430
2017-12-21 00:00:00+00:00,29.1,A,08053430
2017-12-22 00:00:00+00:00,20.2,A,08053430
2017-12-23 00:00:00+00:00,18.1,A,08053430
2017-12-24 00:00:00+00:00,14.9,A,08053430
2017-12-25 00:00:00+00:00,13.0,A,08053430
2017-12-26 00:00:00+00:00,12.5,A,08053430
2017-12-27 00:00:00+00:00,12.3,A,08053430
2017-12-28 00:00:00+00:00,11.7,A,08053430
2017-12-29 00:00:00+00:00,11.8,A,08053430
2017-12-30 00:00:00+00:00,12.3,A,08053430
2017-12-31 00:00:00+00:00,11.9,A,08053430
2018-01-01 00:00:00+00:00,17.4,A,08053430
2018-01-02 00:00:00+00:00,23.5,A,08053430
2018-01-03 00:00:00+00:00,18.4,A,08053430
2018-01-04 00:00:00+00:00,17.4,A,08053430
2018-01-05 00:00:00+00:00,16.3,A,08053430
2018-01-06 00:00:00+00:00,14.0,A,08053430
2018-01-07 00:00:00+00:00,13.4,A,08053430
2018-01-08 00:00:00+00:00,14.1,A,08053430
2018-01-09 00:00:00+00:00,13.5,A,08053430
2018-01-10 00:00:00+00:00,13.4,A,08053430
2018-01-11 00:00:00+00:00,13.5,A,08053430
2018-01-12 00:00:00+00:00,12.5,A,08053430
2018-01-13 00:00:00+00:00,11.8,A,08053430
2018-01-14 00:00:00+00:00,11.7,A,08053430
2018-01-15 00:00:00+00:00,12.4,A,08053430
2018-01-16 00:00:00+00:00,15.4,A,08053430
2018-01-17 00:00:00+00:00,13.0,A,08053430
2018-01-18 00:00:00+00:00,12.9,A,08053430
2018-01-19 00:00:00+00:00,16.9,A,08053430
2018-01-20 00:00:00+00:00,17.2,A,08053430
2018-01-21 00:00:00+00:00,14.5,A,08053430
2018-01-22 00:00:00+00:00,13.6,A,08053430
2018-01-23 00:00:00+00:00,12.3,A,08053430
2018-01-24 00:00:00+00:00,12.2,A,08053430
2018-01-25 00:00:00+00:00,12.2,A,08053430
2018-01-26 00:00:00+00:00,12.9,A,08053430
2018-01-27 00:00:00+00:00,13.8,A,08053430
2018-01-28 00:00:00+00:00,12.9,A,08053430
2018-01-29 00:00:00+00:00,12.5,A,08053430
2018-01-30 00:00:00+00:00,12.3,A,08053430
2018-01-31 00:00:00+00:00,13.1,A,08053430
2018-02-01 00:00:00+00:00,14.0,A,08053430
2018-02-02 00:00:00+00:00,12.9,A,08053430
2018-02-03 00:00:00+00:00,12.7,A,08053430
2018-02-04 00:00:00+00:00,14.1,A,08053430
2018-02-05 00:00:00+00:00,13.9,A,08053430
2018-02-06 00:00:00+00:00,13.9,A,08053430
2018-02-07 00:00:00+00:00,14.1,A,08053430
2018-02-08 00:00:00+00:00,13.8,A,08053430
2018-02-09 00:00:00+00:00,14.4,A,08053430
2018-02-10 00:00:00+00:00,15.2,A,08053430
2018-02-11 00:00:00+00:00,14.4,A,08053430
2018-02-12 00:00:00+00:00,13.7,A,08053430
2018-02-13 00:00:00+00:00,13.7,A,08053430
2018-02-14 00:00:00+00:00,14.4,A,08053430
2018-02-15 00:00:00+00:00,16.1,A,08053430
2018-02-16 00:00:00+00:00,15.5,A,08053430
2018-02-17 00:00:00+00:00,18.4,A,08053430
2018-02-18 00:00:00+00:00,18.5,A,08053430
2018-02-19 00:00:00+00:00,17.7,A,08053430
2018-02-20 00:00:00+00:00,52.9,A,08053430
2018-02-21 00:00:00+00:00,745.0,A,08053430
2018-02-22 00:00:00+00:00,697.0,A,08053430
2018-02-23 00:00:00+00:00,626.0,A,08053430
2018-02-24 00:00:00+00:00,1330.0,A,08053430
2018-02-25 00:00:00+00:00,992.0,A,08053430
2018-02-26 00:00:00+00:00,465.0,A,08053430
2018-02-27 00:00:00+00:00,215.0,A,08053430
2018-02-28 00:00:00+00:00,154.0,A,08053430
2018-03-01 00:00:00+00:00,785.0,A,08053430
2018-03-02 00:00:00+00:00,493.0,A,08053430
2018-03-03 00:00:00+00:00,236.0,A,08053430
2018-03-04 00:00:00+00:00,135.0,A,08053430
2018-03-05 00:00:00+00:00,97.1,A,08053430
2018-03-06 00:00:00+00:00,64.9,A,08053430
2018-03-07 00:00:00+00:00,52.0,A,08053430
2018-03-08 00:00:00+00:00,46.5,A,08053430
2018-03-09 00:00:00+00:00,43.1,A,08053430
2018-03-10 00:00:00+00:00,41.4,"A, e",08053430
2018-03-11 00:00:00+00:00,38.8,A,08053430
2018-03-12 00:00:00+00:00,35.0,A,08053430
2018-03-13 00:00:00+00:00,33.4,A,08053430
2018-03-14 00:00:00+00:00,32.5,A,08053430
2018-03-15 00:00:00+00:00,32.1,A,08053430
2018-03-16 00:00:00+00:00,32.5,A,08053430
2018-03-17 00:00:00+00:00,30.3,A,08053430
2018-03-18 00:00:00+00:00,30.2,A,08053430
2018-03-19 00:00:00+00:00,30.4,A,08053430
2018-03-20 00:00:00+00:00,28.7,A,08053430
2018-03-21 00:00:00+00:00,27.5,A,08053430
2018-03-22 00:00:00+00:00,26.6,A,08053430
2018-03-23 00:00:00+00:00,26.9,A,08053430
2018-03-24 00:00:00+00:00,27.6,A,08053430
2018-03-25 00:00:00+00:00,26.9,A,08053430
2018-03-26 00:00:00+00:00,26.6,A,08053430
2018-03-27 00:00:00+00:00,99.1,A,08053430
2018-03-28 00:00:00+00:00,152.0,A,08053430
2018-03-29 00:00:00+00:00,103.0,A,08053430
2018-03-30 00:00:00+00:00,58.0,A,08053430
2018-03-31 00:00:00+00:00,39.5,A,08053430
2018-04-01 00:00:00+00:00,33.4,A,08053430
2018-04-02 00:00:00+00:00,29.7,A,08053430
2018-04-03 00:00:00+00:00,29.2,A,08053430
2018-04-04 00:00:00+00:00,25.2,A,08053430
2018-04-05 00:00:00+00:00,23.5,A,08053430
2018-04-06 00:00:00+00:00,26.1,A,08053430
2018-04-07 00:00:00+00:00,25.5,A,08053430
2018-04-08 00:00:00+00:00,24.0,A,08053430
2018-04-09 00:00:00+00:00,24.2,A,08053430
2018-04-10 00:00:00+00:00,22.8,A,08053430
2018-04-11 00:00:00+00:00,22.2,"A, e",08053430
2018-04-12 00:00:00+00:00,23.7,"A, e",08053430
2018-04-13 00:00:00+00:00,26.0,A,08053430
2018-04-14 00:00:00+00:00,24.1,A,08053430
2018-04-15 00:00:00+00:00,21.7,A,08053430
2018-04-16 00:00:00+00:00,21.8,A,08053430
2018-04-17 00:00:00+00:00,22.9,A,08053430
2018-04-18 00:00:00+00:00,22.1,A,08053430
2018-04-19 00:00:00+00:00,19.6,A,08053430
2018-04-20 00:00:00+00:00,19.6,A,08053430
2018-04-21 00:00:00+00:00,27.4,A,08053430
2018-04-22 00:00:00+00:00,37.2,A,08053430
2018-04-23 00:00:00+00:00,29.2,A,08053430
2018-04-24 00:00:00+00:00,25.0,A,08053430
2018-04-25 00:00:00+00:00,25.0,A,08053430
2018-04-26 00:00:00+00:00,26.8,A,08053430
2018-04-27 00:00:00+00:00,24.5,A,08053430
2018-04-28 00:00:00+00:00,21.4,A,08053430
2018-04-29 00:00:00+00:00,20.1,A,08053430
2018-04-30 00:00:00+00:00,19.1,A,08053430
2018-05-01 00:00:00+00:00,19.9,A,08053430
2018-05-02 00:00:00+00:00,20.3,A,08053430
2018-05-03 00:00:00+00:00,79.8,A,08053430
2018-05-04 00:00:00+00:00,240.0,A,08053430
2018-05-05 00:00:00+00:00,127.0,A,08053430
2018-05-06 00:00:00+00:00,52.4,A,08053430
2018-05-07 00:00:00+00:00,32.4,A,08053430
2018-05-08 00:00:00+00:00,25.1,A,08053430
2018-05-09 00:00:00+00:00,22.0,A,08053430
2018-05-10 00:00:00+00:00,20.5,A,08053430
2018-05-11 00:00:00+00:00,19.4,A,08053430
2018-05-12 00:00:00+00:00,18.5,A,08053430
2018-05-13 00:00:00+00:00,17.1,A,08053430
2018-05-14 00:00:00+00:00,16.3,A,08053430
2018-05-15 00:00:00+00:00,16.0,A,08053430
2018-05-16 00:00:00+00:00,16.6,A,08053430
2018-05-17 00:00:00+00:00,15.2,A,08053430
2018-05-18 00:00:00+00:00,30.5,A,08053430
2018-05-19 00:00:00+00:00,25.5,A,08053430
2018-05-20 00:00:00+00:00,32.5,A,08053430
2018-05-21 00:00:00+00:00,51.7,A,08053430
2018-05-22 00:00:00+00:00,28.7,A,08053430
2018-05-23 00:00:00+00:00,20.1,A,08053430
2018-05-24 00:00:00+00:00,16.5,A,08053430
2018-05-25 00:00:00+00:00,14.8,A,08053430
2018-05-26 00:00:00+00:00,13.9,A,08053430
2018-05-27 00:00:00+00:00,12.5,A,08053430
2018-05-28 00:00:00+00:00,11.3,A,08053430
2018-05-29 00:00:00+00:00,10.5,A,08053430
2018-05-30 00:00:00+00:00,9.88,A,08053430
2018-05-31 00:00:00+00:00,8.86,A,08053430
2018-06-01 00:00:00+00:00,7.93,A,08053430
2018-06-02 00:00:00+00:00,7.17,A,08053430
2018-06-03 00:00:00+00:00,6.03,A,08053430
2018-06-04 00:00:00+00:00,5.99,A,08053430
2018-06-05 00:00:00+00:00,7.01,A,08053430
2018-06-06 00:00:00+00:00,6.59,A,08053430
2018-06-07 00:00:00+00:00,5.99,A,08053430
2018-06-08 00:00:00+00:00,9.6,A,08053430
2018-06-09 00:00:00+00:00,10.6,A,08053430
2018-06-10 00:00:00+00:00,8.69,A,08053430
2018-06-11 00:00:00+00:00,7.49,A,08053430
2018-06-12 00:00:00+00:00,6.79,A,08053430
2018-06-13 00:00:00+00:00,6.11,A,08053430
2018-06-14 00:00:00+00:00,5.33,A,08053430
2018-06-15 00:00:00+00:00,4.29,A,08053430
2018-06-16 00:00:00+00:00,3.38,A,08053430
2018-06-17 00:00:00+00:00,2.98,A,08053430
2018-06-18 00:00:00+00:00,3.37,A,08053430
2018-06-19 00:00:00+00:00,3.02,A,08053430
2018-06-20 00:00:00+00:00,3.41,A,08053430
2018-06-21 00:00:00+00:00,4.48,A,08053430
2018-06-22 00:00:00+00:00,3.44,A,08053430
2018-06-23 00:00:00+00:00,2.28,A,08053430
2018-06-24 00:00:00+00:00,1.78,A,08053430
2018-06-25 00:00:00+00:00,1.59,A,08053430
2018-06-26 00:00:00+00:00,1.04,A,08053430
2018-06-27 00:00:00+00:00,0.53,A,08053430
2018-06-28 00:00:00+00:00,0.34,A,08053430
2018-06-29 00:00:00+00:00,0.12,A,08053430
2018-06-30 00:00:00+00:00,0.05,A,08053430
2018-07-01 00:00:00+00:00,0.0,A,08053430
2018-07-02 00:00:00+00:00,0.02,A,08053430
2018-07-03 00:00:00+00:00,3.48,A,08053430
2018-07-04 00:00:00+00:00,1.54,A,08053430
2018-07-05 00:00:00+00:00,0.26,A,08053430
2018-07-06 00:00:00+00:00,0.02,A,08053430
2018-07-07 00:00:00+00:00,0.06,A,08053430
2018-07-08 00:00:00+00:00,0.1,A,08053430
2018-07-09 00:00:00+00:00,0.42,A,08053430
2018-07-10 00:00:00+00:00,0.29,A,08053430
2018-07-11 00:00:00+00:00,0.08,A,08053430
2018-07-12 00:00:00+00:00,0.01,A,08053430
2018-07-13 00:00:00+00:00,0.0,A,08053430
2018-07-14 00:00:00+00:00,0.0,A,08053430
2018-07-15 00:00:00+00:00,0.04,A,08053430
2018-07-16 00:00:00+00:00,0.95,A,08053430
2018-07-17 00:00:00+00:00,0.0,A,08053430
2018-07-18 00:00:00+00:00,0.0,A,08053430
2018-07-19 00:00:00+00:00,0.0,A,08053430
2018-07-20 00:00:00+00:00,0.0,A,08053430
2018-07-21 00:00:00+00:00,0.1,A,08053430
2018-07-22 00:00:00+00:00,0.28,A,08053430
2018-07-23 00:00:00+00:00,0.0,A,08053430
2018-07-24 00:00:00+00:00,0.0,A,08053430
2018-07-25 00:00:00+00:00,0.0,A,08053430
2018-07-26 00:00:00+00:00,0.0,A,08053430
2018-07-27 00:00:00+00:00,0.0,A,08053430
2018-07-28 00:00:00+00:00,0.0,A,08053430
2018-07-29 00:00:00+00:00,0.0,A,08053430
2018-07-30 00:00:00+00:00,0.02,A,08053430
2018-07-31 00:00:00+00:00,0.0,A,08053430
2018-08-01 00:00:00+00:00,0.0,A,08053430
2018-08-02 00:00:00+00:00,0.0,A,08053430
2018-08-03 00:00:00+00:00,0.0,A,08053430
2018-08-04 00:00:00+00:00,0.0,A,08053430
2018-08-05 00:00:00+00:00,0.17,A,08053430
2018-08-06 00:00:00+00:00,0.23,A,08053430
2018-08-07 00:00:00+00:00,0.09,A,08053430
2018-08-08 00:00:00+00:00,0.13,A,08053430
2018-08-09 00:00:00+00:00,0.11,A,08053430
2018-08-10 00:00:00+00:00,0.18,A,08053430
2018-08-11 00:00:00+00:00,0.0,A,08053430
2018-08-12 00:00:00+00:00,0.39,A,08053430
2018-08-13 00:00:00+00:00,7.95,A,08053430
2018-08-14 00:00:00+00:00,24.4,A,08053430
2018-08-15 00:00:00+00:00,9.5,A,08053430
2018-08-16 00:00:00+00:00,2.76,A,08053430
2018-08-17 00:00:00+00:00,1.08,A,08053430
2018-08-18 00:00:00+00:00,2.1,A,08053430
2018-08-19 00:00:00+00:00,0.79,A,08053430
2018-08-20 00:00:00+00:00,0.69,A,08053430
2018-08-21 00:00:00+00:00,0.43,A,08053430
2018-08-22 00:00:00+00:00,0.43,A,08053430
2018-08-23 00:00:00+00:00,0.44,A,08053430
2018-08-24 00:00:00+00:00,0.44,A,08053430
2018-08-25 00:00:00+00:00,0.41,A,08053430
2018-08-26 00:00:00+00:00,0.41,A,08053430
2018-08-27 00:00:00+00:00,0.41,A,08053430
2018-08-28 00:00:00+00:00,0.4,A,08053430
2018-08-29 00:00:00+00:00,0.39,A,08053430
2018-08-30 00:00:00+00:00,0.4,A,08053430
2018-08-31 00:00:00+00:00,0.46,A,08053430
2018-09-01 00:00:00+00:00,0.48,A,08053430
2018-09-02 00:00:00+00:00,0.47,A,08053430
2018-09-03 00:00:00+00:00,0.46,A,08053430
2018-09-04 00:00:00+00:00,0.45,A,08053430
2018-09-05 00:00:00+00:00,0.56,A,08053430
2018-09-06 00:00:00+00:00,18.1,A,08053430
2018-09-07 00:00:00+00:00,23.7,A,08053430
2018-09-08 00:00:00+00:00,8.69,A,08053430
2018-09-09 00:00:00+00:00,2.63,A,08053430
2018-09-10 00:00:00+00:00,1.07,A,08053430
2018-09-11 00:00:00+00:00,0.87,A,08053430
2018-09-12 00:00:00+00:00,1.0,A,08053430
2018-09-13 00:00:00+00:00,0.83,A,08053430
2018-09-14 00:00:00+00:00,0.73,A,08053430
2018-09-15 00:00:00+00:00,1.33,A,08053430
2018-09-16 00:00:00+00:00,0.78,A,08053430
2018-09-17 00:00:00+00:00,0.81,A,08053430
2018-09-18 00:00:00+00:00,0.7,A,08053430
2018-09-19 00:00:00+00:00,0.74,A,08053430
2018-09-20 00:00:00+00:00,0.77,A,08053430
2018-09-21 00:00:00+00:00,29.2,A,08053430
2018-09-22 00:00:00+00:00,137.0,A,08053430
2018-09-23 00:00:00+00:00,28.3,A,08053430
2018-09-24 00:00:00+00:00,15.8,A,08053430
2018-09-25 00:00:00+00:00,10.0,A,08053430
2018-09-26 00:00:00+00:00,60.7,A,08053430
2018-09-27 00:00:00+00:00,75.6,A,08053430
2018-09-28 00:00:00+00:00,24.0,A,08053430
2018-09-29 00:00:00+00:00,13.0,A,08053430
2018-09-30 00:00:00+00:00,8.03,A,08053430
2018-10-01 00:00:00+00:00,6.02,A,08053430
2018-10-02 00:00:00+00:00,5.2,A,08053430
2018-10-03 00:00:00+00:00,5.13,A,08053430
2018-10-04 00:00:00+00:00,4.52,A,08053430
2018-10-05 00:00:00+00:00,4.02,A,08053430
2018-10-06 00:00:00+00:00,4.9,A,08053430
2018-10-07 00:00:00+00:00,330.0,A,08053430
2018-10-08 00:00:00+00:00,129.0,A,08053430
2018-10-09 00:00:00+00:00,103.0,A,08053430
2018-10-10 00:00:00+00:00,205.0,A,08053430
2018-10-11 00:00:00+00:00,59.9,A,08053430
2018-10-12 00:00:00+00:00,37.2,A,08053430
2018-10-13 00:00:00+00:00,924.0,A,08053430
2018-10-14 00:00:00+00:00,968.0,A,08053430
2018-10-15 00:00:00+00:00,763.0,A,08053430
2018-10-16 00:00:00+00:00,423.0,A,08053430
2018-10-17 00:00:00+00:00,167.0,A,08053430
2018-10-18 00:00:00+00:00,117.0,A,08053430
2018-10-19 00:00:00+00:00,244.0,A,08053430
2018-10-20 00:00:00+00:00,528.0,A,08053430
2018-10-21 00:00:00+00:00,210.0,A,08053430
2018-10-22 00:00:00+00:00,82.2,A,08053430
2018-10-23 00:00:00+00:00,50.0,A,08053430
2018-10-24 00:00:00+00:00,127.0,A,08053430
2018-10-25 00:00:00+00:00,681.0,A,08053430
2018-10-26 00:00:00+00:00,319.0,A,08053430
2018-10-27 00:00:00+00:00,132.0,A,08053430
2018-10-28 00:00:00+00:00,74.7,A,08053430
2018-10-29 00:00:00+00:00,53.0,A,08053430
2018-10-30 00:00:00+00:00,42.0,A,08053430
2018-10-31 00:00:00+00:00,60.5,A,08053430
2018-11-01 00:00:00+00:00,330.0,A,08053430
2018-11-02 00:00:00+00:00,156.0,A,08053430
2018-11-03 00:00:00+00:00,82.1,A,08053430
2018-11-04 00:00:00+00:00,57.9,A,08053430
2018-11-05 00:00:00+00:00,47.0,A,08053430
2018-11-06 00:00:00+00:00,40.0,A,08053430
2018-11-07 00:00:00+00:00,36.4,A,08053430
2018-11-08 00:00:00+00:00,33.7,A,08053430
2018-11-09 00:00:00+00:00,31.5,A,08053430
2018-11-10 00:00:00+00:00,28.5,A,08053430
2018-11-11 00:00:00+00:00,27.0,A,08053430
2018-11-12 00:00:00+00:00,27.2,A,08053430
2018-11-13 00:00:00+00:00,27.0,A,08053430
2018-11-14 00:00:00+00:00,30.2,A,08053430
2018-11-15 00:00:00+00:00,29.1,A,08053430
2018-11-16 00:00:00+00:00,22.8,A,08053430
2018-11-17 00:00:00+00:00,21.6,A,08053430
2018-11-18 00:00:00+00:00,20.9,A,08053430
2018-11-19 00:00:00+00:00,19.6,A,08053430
2018-11-20 00:00:00+00:00,19.1,A,08053430
2018-11-21 00:00:00+00:00,18.8,A,08053430
2018-11-22 00:00:00+00:00,18.4,A,08053430
2018-11-23 00:00:00+00:00,19.5,A,08053430
2018-11-24 00:00:00+00:00,20.2,A,08053430
2018-11-25 00:00:00+00:00,22.8,A,08053430
2018-11-26 00:00:00+00:00,22.2,A,08053430
2018-11-27 00:00:00+00:00,22.1,A,08053430
2018-11-28 00:00:00+00:00,23.0,A,08053430
2018-11-29 00:00:00+00:00,22.7,A,08053430
2018-11-30 00:00:00+00:00,22.4,A,08053430
2018-12-01 00:00:00+00:00,25.9,A,08053430
2018-12-02 00:00:00+00:00,26.1,A,08053430
2018-12-03 00:00:00+00:00,23.8,A,08053430
2018-12-04 00:00:00+00:00,22.0,A,08053430
2018-12-05 00:00:00+00:00,22.2,A,08053430
2018-12-06 00:00:00+00:00,23.5,A,08053430
2018-12-07 00:00:00+00:00,24.3,A,08053430
2018-12-08 00:00:00+00:00,42.2,A,08053430
2018-12-09 00:00:00+00:00,51.6,A,08053430
2018-12-10 00:00:00+00:00,41.2,A,08053430
2018-12-11 00:00:00+00:00,34.6,A,08053430
2018-12-12 00:00:00+00:00,32.0,A,08053430
2018-12-13 00:00:00+00:00,32.0,A,08053430
2018-12-14 00:00:00+00:00,34.1,A,08053430
2018-12-15 00:00:00+00:00,34.8,A,08053430
2018-12-16 00:00:00+00:00,32.8,A,08053430
2018-12-17 00:00:00+00:00,30.4,A,08053430
2018-12-18 00:00:00+00:00,29.2,A,08053430
2018-12-19 00:00:00+00:00,29.2,A,08053430
2018-12-20 00:00:00+00:00,28.7,A,08053430
2018-12-21 00:00:00+00:00,27.6,A,08053430
2018-12-22 00:00:00+00:00,27.3,A,08053430
2018-12-23 00:00:00+00:00,26.8,A,08053430
2018-12-24 00:00:00+00:00,25.9,A,08053430
2018-12-25 00:00:00+00:00,26.5,A,08053430
2018-12-26 00:00:00+00:00,31.0,A,08053430
2018-12-27 00:00:00+00:00,236.0,A,08053430
2018-12-28 00:00:00+00:00,146.0,A,08053430
2018-12-29 00:00:00+00:00,73.5,A,08053430
2018-12-30 00:00:00+00:00,54.2,A,08053430
2018-12-31 00:00:00+00:00,75.3,A,08053430
2019-01-01 00:00:00+00:00,82.9,A,08053430
2019-01-02 00:00:00+00:00,62.5,A,08053430
2019-01-03 00:00:00+00:00,125.0,A,08053430
2019-01-04 00:00:00+00:00,214.0,A,08053430
2019-01-05 00:00:00+00:00,131.0,A,08053430
2019-01-06 00:00:00+00:00,90.0,A,08053430
2019-01-07 00:00:00+00:00,74.0,A,08053430
2019-01-08 00:00:00+00:00,62.5,A,08053430
2019-01-09 00:00:00+00:00,54.5,A,08053430
2019-01-10 00:00:00+00:00,51.0,A,08053430
2019-01-11 00:00:00+00:00,52.8,A,08053430
2019-01-12 00:00:00+00:00,172.0,A,08053430
2019-01-13 00:00:00+00:00,152.0,A,08053430
2019-01-14 00:00:00+00:00,91.6,A,08053430
2019-01-15 00:00:00+00:00,73.2,A,08053430
2019-01-16 00:00:00+00:00,66.2,A,08053430
2019-01-17 00:00:00+00:00,61.7,A,08053430
2019-01-18 00:00:00+00:00,58.0,A,08053430
2019-01-19 00:00:00+00:00,58.7,A,08053430
2019-01-20 00:00:00+00:00,53.5,A,08053430
2019-01-21 00:00:00+00:00,50.4,A,08053430
2019-01-22 00:00:00+00:00,49.8,A,08053430
2019-01-23 00:00:00+00:00,47.4,A,08053430
2019-01-24 00:00:00+00:00,45.2,A,08053430
2019-01-25 00:00:00+00:00,42.7,A,08053430
2019-01-26 00:00:00+00:00,41.5,A,08053430
2019-01-27 00:00:00+00:00,41.8,A,08053430
2019-01-28 00:00:00+00:00,41.1,A,08053430
2019-01-29 00:00:00+00:00,38.9,A,08053430
2019-01-30 00:00:00+00:00,37.7,A,08053430
2019-01-31 00:00:00+00:00,37.6,A,08053430
2019-02-01 00:00:00+00:00,38.0,A,08053430
2019-02-02 00:00:00+00:00,38.0,A,08053430
2019-02-03 00:00:00+00:00,39.1,A,08053430
2019-02-04 00:00:00+00:00,39.3,A,08053430
2019-02-05 00:00:00+00:00,37.2,A,08053430
2019-02-06 00:00:00+00:00,43.1,A,08053430
2019-02-07 00:00:00+00:00,55.7,A,08053430
2019-02-08 00:00:00+00:00,58.8,A,08053430
2019-02-09 00:00:00+00:00,48.3,A,08053430
2019-02-10 00:00:00+00:00,46.3,A,08053430
2019-02-11 00:00:00+00:00,53.8,A,08053430
2019-02-12 00:00:00+00:00,69.4,A,08053430
2019-02-13 00:00:00+00:00,59.0,A,08053430
2019-02-14 00:00:00+00:00,52.6,"A, e",08053430
2019-02-15 00:00:00+00:00,47.9,A,08053430
2019-02-16 00:00:00+00:00,44.4,A,08053430
2019-02-17 00:00:00+00:00,43.2,A,08053430
2019-02-18 00:00:00+00:00,40.2,A,08053430
2019-02-19 00:00:00+00:00,46.3,A,08053430
2019-02-20 00:00:00+00:00,68.5,A,08053430
2019-02-21 00:00:00+00:00,62.8,A,08053430
2019-02-22 00:00:00+00:00,58.5,A,08053430
2019-02-23 00:00:00+00:00,59.5,A,08053430
2019-02-24 00:00:00+00:00,52.5,A,08053430
2019-02-25 00:00:00+00:00,46.3,A,08053430
2019-02-26 00:00:00+00:00,44.3,A,08053430
2019-02-27 00:00:00+00:00,45.5,A,08053430
2019-02-28 00:00:00+00:00,45.2,A,08053430
2019-03-01 00:00:00+00:00,44.2,A,08053430
2019-03-02 00:00:00+00:00,43.9,A,08053430
2019-03-03 00:00:00+00:00,44.8,A,08053430
2019-03-04 00:00:00+00:00,42.9,A,08053430
2019-03-05 00:00:00+00:00,40.9,A,08053430
2019-03-06 00:00:00+00:00,40.2,A,08053430
2019-03-07 00:00:00+00:00,41.1,"A, e",08053430
2019-03-08 00:00:00+00:00,41.9,"A, e",08053430
2019-03-09 00:00:00+00:00,44.9,"A, e",08053430
2019-03-10 00:00:00+00:00,43.2,A,08053430
2019-03-11 00:00:00+00:00,43.7,A,08053430
2019-03-12 00:00:00+00:00,69.8,A,08053430
2019-03-13 00:00:00+00:00,469.0,A,08053430
2019-03-14 00:00:00+00:00,476.0,A,08053430
2019-03-15 00:00:00+00:00,207.0,A,08053430
2019-03-16 00:00:00+00:00,109.0,A,08053430
2019-03-17 00:00:00+00:00,77.5,A,08053430
2019-03-18 00:00:00+00:00,63.5,A,08053430
2019-03-19 00:00:00+00:00,55.6,A,08053430
2019-03-20 00:00:00+00:00,51.1,A,08053430
2019-03-21 00:00:00+00:00,47.8,A,08053430
2019-03-22 00:00:00+00:00,43.9,A,08053430
2019-03-23 00:00:00+00:00,42.9,A,08053430
2019-03-24 00:00:00+00:00,41.2,A,08053430
2019-03-25 00:00:00+00:00,37.5,A,08053430
2019-03-26 00:00:00+00:00,34.1,A,08053430
2019-03-27 00:00:00+00:00,32.9,A,08053430
2019-03-28 00:00:00+00:00,32.6,A,08053430
2019-03-29 00:00:00+00:00,32.9,A,08053430
2019-03-30 00:00:00+00:00,32.7,A,08053430
2019-03-31 00:00:00+00:00,30.0,A,08053430
2019-04-01 00:00:00+00:00,28.8,A,08053430
2019-04-02 00:00:00+00:00,29.4,A,08053430
2019-04-03 00:00:00+00:00,30.0,A,08053430
2019-04-04 00:00:00+00:00,33.3,A,08053430
2019-04-05 00:00:00+00:00,32.3,A,08053430
2019-04-06 00:00:00+00:00,35.1,A,08053430
2019-04-07 00:00:00+00:00,42.8,A,08053430
2019-04-08 00:00:00+00:00,39.1,"A, e",08053430
2019-04-09 00:00:00+00:00,34.9,"A, e",08053430
2019-04-10 00:00:00+00:00,32.4,"A, e",08053430
2019-04-11 00:00:00+00:00,31.0,A,08053430
2019-04-12 00:00:00+00:00,28.7,A,08053430
2019-04-13 00:00:00+00:00,71.7,A,08053430
2019-04-14 00:00:00+00:00,332.0,A,08053430
2019-04-15 00:00:00+00:00,186.0,A,08053430
2019-04-16 00:00:00+00:00,96.8,A,08053430
2019-04-17 00:00:00+00:00,126.0,A,08053430
2019-04-18 00:00:00+00:00,2660.0,A,08053430
2019-04-19 00:00:00+00:00,766.0,A,08053430
2019-04-20 00:00:00+00:00,564.0,"A, e",08053430
2019-04-21 00:00:00+00:00,423.0,A,08053430
2019-04-22 00:00:00+00:00,254.0,A,08053430
2019-04-23 00:00:00+00:00,128.0,A,08053430
2019-04-24 00:00:00+00:00,214.0,A,08053430
2019-04-25 00:00:00+00:00,152.0,A,08053430
2019-04-26 00:00:00+00:00,91.4,A,08053430
2019-04-27 00:00:00+00:00,49.4,"A, e",08053430
2019-04-28 00:00:00+00:00,35.2,"A, e",08053430
2019-04-29 00:00:00+00:00,28.0,A,08053430
2019-04-30 00:00:00+00:00,35.4,A,08053430
2019-05-01 00:00:00+00:00,353.0,A,08053430
2019-05-02 00:00:00+00:00,4420.0,"A, e",08053430
2019-05-03 00:00:00+00:00,2090.0,A,08053430
2019-05-04 00:00:00+00:00,1120.0,A,08053430
2019-05-05 00:00:00+00:00,870.0,"A, e",08053430
2019-05-06 00:00:00+00:00,691.0,A,08053430
2019-05-07 00:00:00+00:00,523.0,"A, e",08053430
2019-05-08 00:00:00+00:00,780.0,A,08053430
2019-05-09 00:00:00+00:00,918.0,A,08053430
2019-05-10 00:00:00+00:00,493.0,A,08053430
2019-05-11 00:00:00+00:00,517.0,A,08053430
2019-05-12 00:00:00+00:00,539.0,A,08053430
2019-05-13 00:00:00+00:00,363.0,"A, e",08053430
2019-05-14 00:00:00+00:00,258.0,"A, e",08053430
2019-05-15 00:00:00+00:00,196.0,"A, e",08053430
2019-05-16 00:00:00+00:00,156.0,"A, e",08053430
2019-05-17 00:00:00+00:00,126.0,"A, e",08053430
2019-05-18 00:00:00+00:00,961.0,A,08053430
2019-05-19 00:00:00+00:00,1190.0,"A, e",08053430
2019-05-20 00:00:00+00:00,665.0,A,08053430
2019-05-21 00:00:00+00:00,546.0,"A, e",08053430
2019-05-22 00:00:00+00:00,472.0,"A, e",08053430
2019-05-23 00:00:00+00:00,312.0,"A, e",08053430
2019-05-24 00:00:00+00:00,223.0,"A, e",08053430
2019-05-25 00:00:00+00:00,161.0,"A, e",08053430
2019-05-26 00:00:00+00:00,119.0,A,08053430
2019-05-27 00:00:00+00:00,97.8,A,08053430
2019-05-28 00:00:00+00:00,87.0,A,08053430
2019-05-29 00:00:00+00:00,498.0,A,08053430
2019-05-30 00:00:00+00:00,721.0,"A, e",08053430
2019-05-31 00:00:00+00:00,369.0,"A, e",08053430
2019-06-01 00:00:00+00:00,274.0,"A, e",08053430
2019-06-02 00:00:00+00:00,826.0,A,08053430
2019-06-03 00:00:00+00:00,479.0,A,08053430
2019-06-04 00:00:00+00:00,352.0,A,08053430
2019-06-05 00:00:00+00:00,414.0,"A, e",08053430
2019-06-06 00:00:00+00:00,275.0,A,08053430
2019-06-07 00:00:00+00:00,188.0,A,08053430
2019-06-08 00:00:00+00:00,129.0,"A, e",08053430
2019-06-09 00:00:00+00:00,99.6,A,08053430
2019-06-10 00:00:00+00:00,91.1,A,08053430
2019-06-11 00:00:00+00:00,69.8,A,08053430
2019-06-12 00:00:00+00:00,60.5,"A, e",08053430
2019-06-13 00:00:00+00:00,54.1,A,08053430
2019-06-14 00:00:00+00:00,48.2,A,08053430
2019-06-15 00:00:00+00:00,43.9,A,08053430
2019-06-16 00:00:00+00:00,65.6,A,08053430
2019-06-17 00:00:00+00:00,74.0,A,08053430
2019-06-18 00:00:00+00:00,57.3,A,08053430
2019-06-19 00:00:00+00:00,54.3,A,08053430
2019-06-20 00:00:00+00:00,50.2,"A, e",08053430
2019-06-21 00:00:00+00:00,43.0,A,08053430
2019-06-22 00:00:00+00:00,37.8,A,08053430
2019-06-23 00:00:00+00:00,40.9,A,08053430
2019-06-24 00:00:00+00:00,54.9,A,08053430
2019-06-25 00:00:00+00:00,44.9,A,08053430
2019-06-26 00:00:00+00:00,36.6,A,08053430
2019-06-27 00:00:00+00:00,32.7,A,08053430
2019-06-28 00:00:00+00:00,29.8,A,08053430
2019-06-29 00:00:00+00:00,31.7,A,08053430
2019-06-30 00:00:00+00:00,30.2,A,08053430
2019-07-01 00:00:00+00:00,26.9,A,08053430
2019-07-02 00:00:00+00:00,25.4,A,08053430
2019-07-03 00:00:00+00:00,23.7,A,08053430
2019-07-04 00:00:00+00:00,22.4,A,08053430
2019-07-05 00:00:00+00:00,21.0,A,08053430
2019-07-06 00:00:00+00:00,20.2,A,08053430
2019-07-07 00:00:00+00:00,22.4,A,08053430
2019-07-08 00:00:00+00:00,23.5,A,08053430
2019-07-09 00:00:00+00:00,27.8,A,08053430
2019-07-10 00:00:00+00:00,23.0,A,08053430
2019-07-11 00:00:00+00:00,21.8,A,08053430
2019-07-12 00:00:00+00:00,19.3,A,08053430
2019-07-13 00:00:00+00:00,17.5,A,08053430
2019-07-14 00:00:00+00:00,16.7,A,08053430
2019-07-15 00:00:00+00:00,15.7,A,08053430
2019-07-16 00:00:00+00:00,14.3,A,08053430
2019-07-17 00:00:00+00:00,13.1,A,08053430
2019-07-18 00:00:00+00:00,11.8,A,08053430
2019-07-19 00:00:00+00:00,10.9,A,08053430
2019-07-20 00:00:00+00:00,10.0,A,08053430
2019-07-21 00:00:00+00:00,9.37,A,08053430
2019-07-22 00:00:00+00:00,8.96,A,08053430
2019-07-23 00:00:00+00:00,8.84,A,08053430
2019-07-24 00:00:00+00:00,8.42,A,08053430
2019-07-25 00:00:00+00:00,8.1,A,08053430
2019-07-26 00:00:00+00:00,7.8,A,08053430
2019-07-27 00:00:00+00:00,7.56,A,08053430
2019-07-28 00:00:00+00:00,7.41,A,08053430
2019-07-29 00:00:00+00:00,7.41,A,08053430
2019-07-30 00:00:00+00:00,8.59,A,08053430
2019-07-31 00:00:00+00:00,7.29,A,08053430
2019-08-01 00:00:00+00:00,6.1,A,08053430
2019-08-02 00:00:00+00:00,5.68,A,08053430
2019-08-03 00:00:00+00:00,7.2,A,08053430
2019-08-04 00:00:00+00:00,8.18,A,08053430
2019-08-05 00:00:00+00:00,7.62,A,08053430
2019-08-06 00:00:00+00:00,7.37,A,08053430
2019-08-07 00:00:00+00:00,5.43,A,08053430
2019-08-08 00:00:00+00:00,4.34,A,08053430
2019-08-09 00:00:00+00:00,3.84,A,08053430
2019-08-10 00:00:00+00:00,3.49,A,08053430
2019-08-11 00:00:00+00:00,3.22,A,08053430
2019-08-12 00:00:00+00:00,2.81,A,08053430
2019-08-13 00:00:00+00:00,2.48,A,08053430
2019-08-14 00:00:00+00:00,3.95,A,08053430
2019-08-15 00:00:00+00:00,4.48,A,08053430
2019-08-16 00:00:00+00:00,3.79,A,08053430
2019-08-17 00:00:00+00:00,2.46,A,08053430
2019-08-18 00:00:00+00:00,1.96,A,08053430
2019-08-19 00:00:00+00:00,1.59,A,08053430
2019-08-20 00:00:00+00:00,1.01,A,08053430
2019-08-21 00:00:00+00:00,0.91,A,08053430
2019-08-22 00:00:00+00:00,0.78,A,08053430
2019-08-23 00:00:00+00:00,1.7,A,08053430
2019-08-24 00:00:00+00:00,2.45,A,08053430
2019-08-25 00:00:00+00:00,3.24,A,08053430
2019-08-26 00:00:00+00:00,2.21,A,08053430
2019-08-27 00:00:00+00:00,20.4,A,08053430
2019-08-28 00:00:00+00:00,20.1,A,08053430
2019-08-29 00:00:00+00:00,6.6,A,08053430
2019-08-30 00:00:00+00:00,68.7,A,08053430
2019-08-31 00:00:00+00:00,29.1,A,08053430
2019-09-01 00:00:00+00:00,14.2,A,08053430
2019-09-02 00:00:00+00:00,8.06,A,08053430
2019-09-03 00:00:00+00:00,6.17,A,08053430
2019-09-04 00:00:00+00:00,5.15,A,08053430
2019-09-05 00:00:00+00:00,4.36,A,08053430
2019-09-06 00:00:00+00:00,3.87,A,08053430
2019-09-07 00:00:00+00:00,3.58,A,08053430
2019-09-08 00:00:00+00:00,3.32,A,08053430
2019-09-09 00:00:00+00:00,3.09,A,08053430
2019-09-10 00:00:00+00:00,3.12,A,08053430
2019-09-11 00:00:00+00:00,2.99,A,08053430
2019-09-12 00:00:00+00:00,2.8,A,08053430
2019-09-13 00:00:00+00:00,2.72,A,08053430
2019-09-14 00:00:00+00:00,2.86,A,08053430
2019-09-15 00:00:00+00:00,2.66,A,08053430
2019-09-16 00:00:00+00:00,2.49,A,08053430
2019-09-17 00:00:00+00:00,2.29,A,08053430
2019-09-18 00:00:00+00:00,2.15,A,08053430
2019-09-19 00:00:00+00:00,2.31,A,08053430
2019-09-20 00:00:00+00:00,3.51,A,08053430
2019-09-21 00:00:00+00:00,3.7,A,08053430
2019-09-22 00:00:00+00:00,3.64,A,08053430
2019-09-23 00:00:00+00:00,6.21,A,08053430
2019-09-24 00:00:00+00:00,7.21,A,08053430
2019-09-25 00:00:00+00:00,22.0,A,08053430
2019-09-26 00:00:00+00:00,7.27,A,08053430
2019-09-27 00:00:00+00:00,2.99,A,08053430
2019-09-28 00:00:00+00:00,2.02,A,08053430
2019-09-29 00:00:00+00:00,1.82,A,08053430
2019-09-30 00:00:00+00:00,1.64,A,08053430
2019-10-01 00:00:00+00:00,0.52,A,08053430
2019-10-02 00:00:00+00:00,0.41,A,08053430
2019-10-03 00:00:00+00:00,0.1,A,08053430
2019-10-04 00:00:00+00:00,0.04,A,08053430
2019-10-05 00:00:00+00:00,0.01,A,08053430
2019-10-06 00:00:00+00:00,0.3,A,08053430
2019-10-07 00:00:00+00:00,0.88,A,08053430
2019-10-08 00:00:00+00:00,0.01,A,08053430
2019-10-09 00:00:00+00:00,0.03,A,08053430
2019-10-10 00:00:00+00:00,0.56,A,08053430
2019-10-11 00:00:00+00:00,2.2,A,08053430
2019-10-12 00:00:00+00:00,1.97,A,08053430
2019-10-13 00:00:00+00:00,1.48,A,08053430
2019-10-14 00:00:00+00:00,1.76,A,08053430
2019-10-15 00:00:00+00:00,2.63,A,08053430
2019-10-16 00:00:00+00:00,1.99,A,08053430
2019-10-17 00:00:00+00:00,1.4,A,08053430
2019-10-18 00:00:00+00:00,1.61,A,08053430
2019-10-19 00:00:00+00:00,1.82,A,08053430
2019-10-20 00:00:00+00:00,1.85,A,08053430
2019-10-21 00:00:00+00:00,2.52,A,08053430
2019-10-22 00:00:00+00:00,2.15,A,08053430
2019-10-23 00:00:00+00:00,2.5,A,08053430
2019-10-24 00:00:00+00:00,28.9,A,08053430
2019-10-25 00:00:00+00:00,83.0,A,08053430
2019-10-26 00:00:00+00:00,35.9,A,08053430
2019-10-27 00:00:00+00:00,18.0,A,08053430
2019-10-28 00:00:00+00:00,13.9,A,08053430
2019-10-29 00:00:00+00:00,15.1,A,08053430
2019-10-30 00:00:00+00:00,48.0,A,08053430
2019-10-31 00:00:00+00:00,44.9,A,08053430
2019-11-01 00:00:00+00:00,21.6,A,08053430
2019-11-02 00:00:00+00:00,18.0,A,08053430
2019-11-03 00:00:00+00:00,18.4,A,08053430
2019-11-04 00:00:00+00:00,20.2,A,08053430
2019-11-05 00:00:00+00:00,26.2,A,08053430
2019-11-06 00:00:00+00:00,34.0,A,08053430
2019-11-07 00:00:00+00:00,290.0,A,08053430
2019-11-08 00:00:00+00:00,67.0,A,08053430
2019-11-09 00:00:00+00:00,21.3,A,08053430
2019-11-10 00:00:00+00:00,13.2,A,08053430
2019-11-11 00:00:00+00:00,10.3,A,08053430
2019-11-12 00:00:00+00:00,7.35,A,08053430
2019-11-13 00:00:00+00:00,7.84,A,08053430
2019-11-14 00:00:00+00:00,8.31,A,08053430
2019-11-15 00:00:00+00:00,7.81,A,08053430
2019-11-16 00:00:00+00:00,7.9,A,08053430
2019-11-17 00:00:00+00:00,8.3,A,08053430
2019-11-18 00:00:00+00:00,8.56,A,08053430
2019-11-19 00:00:00+00:00,8.47,A,08053430
2019-11-20 00:00:00+00:00,7.71,A,08053430
2019-11-21 00:00:00+00:00,9.67,A,08053430
2019-11-22 00:00:00+00:00,11.8,A,08053430
2019-11-23 00:00:00+00:00,11.7,A,08053430
2019-11-24 00:00:00+00:00,9.76,A,08053430
2019-11-25 00:00:00+00:00,9.76,A,08053430
2019-11-26 00:00:00+00:00,9.89,A,08053430
2019-11-27 00:00:00+00:00,8.07,A,08053430
2019-11-28 00:00:00+00:00,48.2,A,08053430
2019-11-29 00:00:00+00:00,38.4,A,08053430
2019-11-30 00:00:00+00:00,24.0,A,08053430
2019-12-01 00:00:00+00:00,15.4,A,08053430
2019-12-02 00:00:00+00:00,12.3,A,08053430
2019-12-03 00:00:00+00:00,12.0,A,08053430
2019-12-04 00:00:00+00:00,11.7,A,08053430
2019-12-05 00:00:00+00:00,11.8,A,08053430
2019-12-06 00:00:00+00:00,11.6,A,08053430
2019-12-07 00:00:00+00:00,10.2,A,08053430
2019-12-08 00:00:00+00:00,11.5,A,08053430
2019-12-09 00:00:00+00:00,13.4,A,08053430
2019-12-10 00:00:00+00:00,18.2,A,08053430
2019-12-11 00:00:00+00:00,15.6,A,08053430
2019-12-12 00:00:00+00:00,14.9,A,08053430
2019-12-13 00:00:00+00:00,15.1,A,08053430
2019-12-14 00:00:00+00:00,15.5,A,08053430
2019-12-15 00:00:00+00:00,15.8,A,08053430
2019-12-16 00:00:00+00:00,15.1,A,08053430
2019-12-17 00:00:00+00:00,13.8,A,08053430
2019-12-18 00:00:00+00:00,13.9,A,08053430
2019-12-19 00:00:00+00:00,14.2,A,08053430
2019-12-20 00:00:00+00:00,15.0,A,08053430
2019-12-21 00:00:00+00:00,15.9,A,08053430
2019-12-22 00:00:00+00:00,15.9,A,08053430
2019-12-23 00:00:00+00:00,15.9,A,08053430
2019-12-24 00:00:00+00:00,16.3,A,08053430
2019-12-25 00:00:00+00:00,16.1,A,08053430
2019-12-26 00:00:00+00:00,15.8,A,08053430
2019-12-27 00:00:00+00:00,15.4,A,08053430
2019-12-28 00:00:00+00:00,29.6,A,08053430
2019-12-29 00:00:00+00:00,51.6,A,08053430
2019-12-30 00:00:00+00:00,33.6,A,08053430
2019-12-31 00:00:00+00:00,25.9,A,08053430
2020-01-01 00:00:00+00:00,25.0,A,08053430
2020-01-02 00:00:00+00:00,28.0,A,08053430
2020-01-03 00:00:00+00:00,27.2,A,08053430
2020-01-04 00:00:00+00:00,23.4,A,08053430
2020-01-05 00:00:00+00:00,23.2,A,08053430
2020-01-06 00:00:00+00:00,24.3,A,08053430
2020-01-07 00:00:00+00:00,24.2,A,08053430
2020-01-08 00:00:00+00:00,24.9,A,08053430
2020-01-09 00:00:00+00:00,30.5,A,08053430
2020-01-10 00:00:00+00:00,937.0,A,08053430
2020-01-11 00:00:00+00:00,1400.0,A,08053430
2020-01-12 00:00:00+00:00,621.0,A,08053430
2020-01-13 00:00:00+00:00,522.0,A,08053430
2020-01-14 00:00:00+00:00,467.0,A,08053430
2020-01-15 00:00:00+00:00,314.0,A,08053430
2020-01-16 00:00:00+00:00,290.0,A,08053430
2020-01-17 00:00:00+00:00,560.0,A,08053430
2020-01-18 00:00:00+00:00,378.0,A,08053430
2020-01-19 00:00:00+00:00,261.0,A,08053430
2020-01-20 00:00:00+00:00,206.0,A,08053430
2020-01-21 00:00:00+00:00,150.0,A,08053430
2020-01-22 00:00:00+00:00,153.0,A,08053430
2020-01-23 00:00:00+00:00,157.0,A,08053430
2020-01-24 00:00:00+00:00,107.0,A,08053430
2020-01-25 00:00:00+00:00,77.1,A,08053430
2020-01-26 00:00:00+00:00,65.7,A,08053430
2020-01-27 00:00:00+00:00,58.7,A,08053430
2020-01-28 00:00:00+00:00,55.0,A,08053430
2020-01-29 00:00:00+00:00,53.2,A,08053430
2020-01-30 00:00:00+00:00,48.1,A,08053430
2020-01-31 00:00:00+00:00,43.9,A,08053430
2020-02-01 00:00:00+00:00,39.4,A,08053430
2020-02-02 00:00:00+00:00,36.1,A,08053430
2020-02-03 00:00:00+00:00,34.7,A,08053430
2020-02-04 00:00:00+00:00,46.1,A,08053430
2020-02-05 00:00:00+00:00,72.0,A,08053430
2020-02-06 00:00:00+00:00,99.1,A,08053430
2020-02-07 00:00:00+00:00,71.3,A,08053430
2020-02-08 00:00:00+00:00,55.9,A,08053430
2020-02-09 00:00:00+00:00,50.0,A,08053430
2020-02-10 00:00:00+00:00,150.0,A,08053430
2020-02-11 00:00:00+00:00,420.0,A,08053430
2020-02-12 00:00:00+00:00,648.0,A,08053430
2020-02-13 00:00:00+00:00,576.0,A,08053430
2020-02-14 00:00:00+00:00,317.0,A,08053430
2020-02-15 00:00:00+00:00,214.0,A,08053430
2020-02-16 00:00:00+00:00,156.0,A,08053430
2020-02-17 00:00:00+00:00,114.0,A,08053430
2020-02-18 00:00:00+00:00,91.3,A,08053430
2020-02-19 00:00:00+00:00,71.6,A,08053430
2020-02-20 00:00:00+00:00,81.4,A,08053430
2020-02-21 00:00:00+00:00,74.3,A,08053430
2020-02-22 00:00:00+00:00,68.7,A,08053430
2020-02-23 00:00:00+00:00,64.8,A,08053430
2020-02-24 00:00:00+00:00,65.2,A,08053430
2020-02-25 00:00:00+00:00,60.8,A,08053430
2020-02-26 00:00:00+00:00,56.4,A,08053430
2020-02-27 00:00:00+00:00,53.1,A,08053430
2020-02-28 00:00:00+00:00,54.6,A,08053430
2020-02-29 00:00:00+00:00,47.7,A,08053430
2020-03-01 00:00:00+00:00,46.8,A,08053430
2020-03-02 00:00:00+00:00,45.5,A,08053430
2020-03-03 00:00:00+00:00,42.7,A,08053430
2020-03-04 00:00:00+00:00,194.0,A,08053430
2020-03-05 00:00:00+00:00,395.0,A,08053430
2020-03-06 00:00:00+00:00,211.0,A,08053430
2020-03-07 00:00:00+00:00,129.0,A,08053430
2020-03-08 00:00:00+00:00,93.3,A,08053430
2020-03-09 00:00:00+00:00,85.3,A,08053430
2020-03-10 00:00:00+00:00,82.5,A,08053430
2020-03-11 00:00:00+00:00,78.6,A,08053430
2020-03-12 00:00:00+00:00,82.1,A,08053430
2020-03-13 00:00:00+00:00,493.0,A,08053430
2020-03-14 00:00:00+00:00,691.0,A,08053430
2020-03-15 00:00:00+00:00,431.0,A,08053430
2020-03-16 00:00:00+00:00,599.0,A,08053430
2020-03-17 00:00:00+00:00,390.0,A,08053430
2020-03-18 00:00:00+00:00,1740.0,A,08053430
2020-03-19 00:00:00+00:00,2460.0,A,08053430
2020-03-20 00:00:00+00:00,1240.0,A,08053430
2020-03-21 00:00:00+00:00,812.0,A,08053430
2020-03-22 00:00:00+00:00,637.0,A,08053430
2020-03-23 00:00:00+00:00,489.0,A,08053430
2020-03-24 00:00:00+00:00,353.0,A,08053430
2020-03-25 00:00:00+00:00,254.0,A,08053430
2020-03-26 00:00:00+00:00,202.0,A,08053430
2020-03-27 00:00:00+00:00,171.0,A,08053430
2020-03-28 00:00:00+00:00,158.0,A,08053430
2020-03-29 00:00:00+00:00,139.0,A,08053430
2020-03-30 00:00:00+00:00,132.0,A,08053430
2020-03-31 00:00:00+00:00,155.0,A,08053430
2020-04-01 00:00:00+00:00,124.0,A,08053430
2020-04-02 00:00:00+00:00,110.0,A,08053430
2020-04-03 00:00:00+00:00,109.0,A,08053430
2020-04-04 00:00:00+00:00,108.0,A,08053430
2020-04-05 00:00:00+00:00,110.0,A,08053430
2020-04-06 00:00:00+00:00,105.0,A,08053430
2020-04-07 00:00:00+00:00,97.7,A,08053430
2020-04-08 00:00:00+00:00,87.1,A,08053430
2020-04-09 00:00:00+00:00,75.1,A,08053430
2020-04-10 00:00:00+00:00,66.8,A,08053430
2020-04-11 00:00:00+00:00,67.1,A,08053430
2020-04-12 00:00:00+00:00,95.1,A,08053430
2020-04-13 00:00:00+00:00,68.6,A,08053430
2020-04-14 00:00:00+00:00,53.6,A,08053430
2020-04-15 00:00:00+00:00,50.5,A,08053430
2020-04-16 00:00:00+00:00,48.8,A,08053430
2020-04-17 00:00:00+00:00,45.7,A,08053430
2020-04-18 00:00:00+00:00,44.1,A,08053430
2020-04-19 00:00:00+00:00,46.9,A,08053430
2020-04-20 00:00:00+00:00,44.5,A,08053430
2020-04-21 00:00:00+00:00,42.0,A,08053430
2020-04-22 00:00:00+00:00,42.8,A,08053430
2020-04-23 00:00:00+00:00,40.1,A,08053430
2020-04-24 00:00:00+00:00,36.5,A,08053430
2020-04-25 00:00:00+00:00,33.1,A,08053430
2020-04-26 00:00:00+00:00,30.8,A,08053430
2020-04-27 00:00:00+00:00,40.5,A,08053430
2020-04-28 00:00:00+00:00,38.5,A,08053430
2020-04-29 00:00:00+00:00,50.4,A,08053430
2020-04-30 00:00:00+00:00,36.2,A,08053430
2020-05-01 00:00:00+00:00,32.4,A,08053430
2020-05-02 00:00:00+00:00,28.7,A,08053430
2020-05-03 00:00:00+00:00,26.2,A,08053430
2020-05-04 00:00:00+00:00,23.9,A,08053430
2020-05-05 00:00:00+00:00,45.8,A,08053430
2020-05-06 00:00:00+00:00,23.6,A,08053430
2020-05-07 00:00:00+00:00,20.3,A,08053430
2020-05-08 00:00:00+00:00,22.3,A,08053430
2020-05-09 00:00:00+00:00,19.1,A,08053430
2020-05-10 00:00:00+00:00,18.5,A,08053430
2020-05-11 00:00:00+00:00,17.2,A,08053430
2020-05-12 00:00:00+00:00,18.8,A,08053430
2020-05-13 00:00:00+00:00,21.1,A,08053430
2020-05-14 00:00:00+00:00,29.8,A,08053430
2020-05-15 00:00:00+00:00,26.3,A,08053430
2020-05-16 00:00:00+00:00,165.0,A,08053430
2020-05-17 00:00:00+00:00,304.0,A,08053430
2020-05-18 00:00:00+00:00,133.0,A,08053430
2020-05-19 00:00:00+00:00,76.6,A,08053430
2020-05-20 00:00:00+00:00,52.0,A,08053430
2020-05-21 00:00:00+00:00,42.1,A,08053430
2020-05-22 00:00:00+00:00,36.4,A,08053430
2020-05-23 00:00:00+00:00,2780.0,A,08053430
2020-05-24 00:00:00+00:00,2070.0,A,08053430
2020-05-25 00:00:00+00:00,1120.0,A,08053430
2020-05-26 00:00:00+00:00,888.0,A,08053430
2020-05-27 00:00:00+00:00,508.0,A,08053430
2020-05-28 00:00:00+00:00,324.0,A,08053430
2020-05-29 00:00:00+00:00,176.0,A,08053430
2020-05-30 00:00:00+00:00,126.0,A,08053430
2020-05-31 00:00:00+00:00,103.0,A,08053430
2020-06-01 00:00:00+00:00,89.6,A,08053430
2020-06-02 00:00:00+00:00,75.3,A,08053430
2020-06-03 00:00:00+00:00,62.6,A,08053430
2020-06-04 00:00:00+00:00,51.9,A,08053430
2020-06-05 00:00:00+00:00,51.1,A,08053430
2020-06-06 00:00:00+00:00,40.7,A,08053430
2020-06-07 00:00:00+00:00,34.1,A,08053430
2020-06-08 00:00:00+00:00,29.8,A,08053430
2020-06-09 00:00:00+00:00,25.2,A,08053430
2020-06-10 00:00:00+00:00,18.3,A,08053430
2020-06-11 00:00:00+00:00,16.5,A,08053430
2020-06-12 00:00:00+00:00,15.1,A,08053430
2020-06-13 00:00:00+00:00,14.3,A,08053430
2020-06-14 00:00:00+00:00,13.3,A,08053430
2020-06-15 00:00:00+00:00,11.8,A,08053430
2020-06-16 00:00:00+00:00,11.5,A,08053430
2020-06-17 00:00:00+00:00,10.5,A,08053430
2020-06-18 00:00:00+00:00,9.11,A,08053430
2020-06-19 00:00:00+00:00,11.7,A,08053430
2020-06-20 00:00:00+00:00,29.8,A,08053430
2020-06-21 00:00:00+00:00,283.0,A,08053430
2020-06-22 00:00:00+00:00,905.0,A,08053430
2020-06-23 00:00:00+00:00,926.0,A,08053430
2020-06-24 00:00:00+00:00,654.0,A,08053430
2020-06-25 00:00:00+00:00,271.0,A,08053430
2020-06-26 00:00:00+00:00,154.0,A,08053430
2020-06-27 00:00:00+00:00,100.0,A,08053430
2020-06-28 00:00:00+00:00,77.9,A,08053430
2020-06-29 00:00:00+00:00,64.8,A,08053430
2020-06-30 00:00:00+00:00,48.0,A,08053430
2020-07-01 00:00:00+00:00,41.1,A,08053430
2020-07-02 00:00:00+00:00,36.4,A,08053430
2020-07-03 00:00:00+00:00,33.9,A,08053430
2020-07-04 00:00:00+00:00,32.4,A,08053430
2020-07-05 00:00:00+00:00,34.8,A,08053430
2020-07-06 00:00:00+00:00,48.2,A,08053430
2020-07-07 00:00:00+00:00,204.0,A,08053430
2020-07-08 00:00:00+00:00,116.0,A,08053430
2020-07-09 00:00:00+00:00,72.2,A,08053430
2020-07-10 00:00:00+00:00,46.9,A,08053430
2020-07-11 00:00:00+00:00,33.1,A,08053430
2020-07-12 00:00:00+00:00,30.1,A,08053430
2020-07-13 00:00:00+00:00,26.7,A,08053430
2020-07-14 00:00:00+00:00,23.2,A,08053430
2020-07-15 00:00:00+00:00,20.6,A,08053430
2020-07-16 00:00:00+00:00,18.6,A,08053430
2020-07-17 00:00:00+00:00,17.5,A,08053430
2020-07-18 00:00:00+00:00,16.2,A,08053430
2020-07-19 00:00:00+00:00,15.3,A,08053430
2020-07-20 00:00:00+00:00,14.4,A,08053430
2020-07-21 00:00:00+00:00,13.9,A,08053430
2020-07-22 00:00:00+00:00,13.6,A,08053430
2020-07-23 00:00:00+00:00,13.5,A,08053430
2020-07-24 00:00:00+00:00,12.2,A,08053430
2020-07-25 00:00:00+00:00,12.2,A,08053430
2020-07-26 00:00:00+00:00,12.6,A,08053430
2020-07-27 00:00:00+00:00,12.4,A,08053430
2020-07-28 00:00:00+00:00,13.1,A,08053430
2020-07-29 00:00:00+00:00,15.7,A,08053430
2020-07-30 00:00:00+00:00,14.4,A,08053430
2020-07-31 00:00:00+00:00,21.8,A,08053430
2020-08-01 00:00:00+00:00,13.1,A,08053430
2020-08-02 00:00:00+00:00,11.8,A,08053430
2020-08-03 00:00:00+00:00,11.0,A,08053430
2020-08-04 00:00:00+00:00,10.2,A,08053430
2020-08-05 00:00:00+00:00,9.78,A,08053430
2020-08-06 00:00:00+00:00,10.4,A,08053430
2020-08-07 00:00:00+00:00,9.88,A,08053430
2020-08-08 00:00:00+00:00,8.55,A,08053430
2020-08-09 00:00:00+00:00,7.79,A,08053430
2020-08-10 00:00:00+00:00,7.47,A,08053430
2020-08-11 00:00:00+00:00,7.02,A,08053430
2020-08-12 00:00:00+00:00,6.74,A,08053430
2020-08-13 00:00:00+00:00,6.25,A,08053430
2020-08-14 00:00:00+00:00,5.59,A,08053430
2020-08-15 00:00:00+00:00,5.14,A,08053430
2020-08-16 00:00:00+00:00,5.3,A,08053430
2020-08-17 00:00:00+00:00,7.5,A,08053430
2020-08-18 00:00:00+00:00,7.38,A,08053430
2020-08-19 00:00:00+00:00,6.67,A,08053430
2020-08-20 00:00:00+00:00,6.31,A,08053430
2020-08-21 00:00:00+00:00,5.98,A,08053430
2020-08-22 00:00:00+00:00,5.67,A,08053430
2020-08-23 00:00:00+00:00,5.59,A,08053430
2020-08-24 00:00:00+00:00,5.25,A,08053430
2020-08-25 00:00:00+00:00,4.75,A,08053430
2020-08-26 00:00:00+00:00,5.07,A,08053430
2020-08-27 00:00:00+00:00,5.45,A,08053430
2020-08-28 00:00:00+00:00,8.13,A,08053430
2020-08-29 00:00:00+00:00,5.48,A,08053430
2020-08-30 00:00:00+00:00,4.99,A,08053430
2020-08-31 00:00:00+00:00,5.82,A,08053430
2020-09-01 00:00:00+00:00,285.0,A,08053430
2020-09-02 00:00:00+00:00,169.0,A,08053430
2020-09-03 00:00:00+00:00,38.3,A,08053430
2020-09-04 00:00:00+00:00,18.1,A,08053430
2020-09-05 00:00:00+00:00,12.5,A,08053430
2020-09-06 00:00:00+00:00,10.5,"A, e",08053430
2020-09-07 00:00:00+00:00,9.68,"A, e",08053430
2020-09-08 00:00:00+00:00,8.82,A,08053430
2020-09-09 00:00:00+00:00,17.2,A,08053430
2020-09-10 00:00:00+00:00,85.8,A,08053430
2020-09-11 00:00:00+00:00,39.1,A,08053430
2020-09-12 00:00:00+00:00,19.2,A,08053430
2020-09-13 00:00:00+00:00,16.8,A,08053430
2020-09-14 00:00:00+00:00,14.3,A,08053430
2020-09-15 00:00:00+00:00,12.3,A,08053430
2020-09-16 00:00:00+00:00,11.9,A,08053430
2020-09-17 00:00:00+00:00,11.2,A,08053430
2020-09-18 00:00:00+00:00,9.45,A,08053430
2020-09-19 00:00:00+00:00,8.58,A,08053430
2020-09-20 00:00:00+00:00,8.27,A,08053430
2020-09-21 00:00:00+00:00,7.97,A,08053430
2020-09-22 00:00:00+00:00,8.49,A,08053430
2020-09-23 00:00:00+00:00,9.62,A,08053430
2020-09-24 00:00:00+00:00,9.77,A,08053430
2020-09-25 00:00:00+00:00,9.11,A,08053430
2020-09-26 00:00:00+00:00,8.88,A,08053430
2020-09-27 00:00:00+00:00,8.7,A,08053430
2020-09-28 00:00:00+00:00,7.9,A,08053430
2020-09-29 00:00:00+00:00,6.9,A,08053430
2020-09-30 00:00:00+00:00,7.09,A,08053430
2020-10-01 00:00:00+00:00,7.07,A,08053430
2020-10-02 00:00:00+00:00,6.51,A,08053430
2020-10-03 00:00:00+00:00,6.67,A,08053430
2020-10-04 00:00:00+00:00,6.57,A,08053430
2020-10-05 00:00:00+00:00,6.32,A,08053430
2020-10-06 00:00:00+00:00,6.21,A,08053430
2020-10-07 00:00:00+00:00,6.5,A,08053430
2020-10-08 00:00:00+00:00,6.17,A,08053430
2020-10-09 00:00:00+00:00,5.99,A,08053430
2020-10-10 00:00:00+00:00,6.25,A,08053430
2020-10-11 00:00:00+00:00,6.37,A,08053430
2020-10-12 00:00:00+00:00,5.7,A,08053430
2020-10-13 00:00:00+00:00,5.13,A,08053430
2020-10-14 00:00:00+00:00,5.44,A,08053430
2020-10-15 00:00:00+00:00,5.92,A,08053430
2020-10-16 00:00:00+00:00,5.35,A,08053430
2020-10-17 00:00:00+00:00,5.73,A,08053430
2020-10-18 00:00:00+00:00,6.54,A,08053430
2020-10-19 00:00:00+00:00,6.17,A,08053430
2020-10-20 00:00:00+00:00,6.81,A,08053430
2020-10-21 00:00:00+00:00,8.2,A,08053430
2020-10-22 00:00:00+00:00,7.82,A,08053430
2020-10-23 00:00:00+00:00,90.6,A,08053430
2020-10-24 00:00:00+00:00,64.1,A,08053430
2020-10-25 00:00:00+00:00,32.9,A,08053430
2020-10-26 00:00:00+00:00,24.6,A,08053430
2020-10-27 00:00:00+00:00,28.4,A,08053430
2020-10-28 00:00:00+00:00,36.5,A,08053430
2020-10-29 00:00:00+00:00,51.4,A,08053430
2020-10-30 00:00:00+00:00,28.3,A,08053430
2020-10-31 00:00:00+00:00,19.5,A,08053430
2020-11-01 00:00:00+00:00,14.4,A,08053430
2020-11-02 00:00:00+00:00,11.0,A,08053430
2020-11-03 00:00:00+00:00,10.7,A,08053430
2020-11-04 00:00:00+00:00,10.3,A,08053430
2020-11-05 00:00:00+00:00,9.85,A,08053430
2020-11-06 00:00:00+00:00,9.94,A,08053430
2020-11-07 00:00:00+00:00,9.83,A,08053430
2020-11-08 00:00:00+00:00,9.73,A,08053430
2020-11-09 00:00:00+00:00,9.75,A,08053430
2020-11-10 00:00:00+00:00,9.54,A,08053430
2020-11-11 00:00:00+00:00,8.96,A,08053430
2020-11-12 00:00:00+00:00,8.98,A,08053430
2020-11-13 00:00:00+00:00,8.6,A,08053430
2020-11-14 00:00:00+00:00,8.95,A,08053430
2020-11-15 00:00:00+00:00,8.42,A,08053430
2020-11-16 00:00:00+00:00,7.84,A,08053430
2020-11-17 00:00:00+00:00,8.12,A,08053430
2020-11-18 00:00:00+00:00,8.46,A,08053430
2020-11-19 00:00:00+00:00,8.87,A,08053430
2020-11-20 00:00:00+00:00,9.34,A,08053430
2020-11-21 00:00:00+00:00,9.63,A,08053430
2020-11-22 00:00:00+00:00,11.1,A,08053430
2020-11-23 00:00:00+00:00,10.7,A,08053430
2020-11-24 00:00:00+00:00,12.0,A,08053430
2020-11-25 00:00:00+00:00,15.6,A,08053430
2020-11-26 00:00:00+00:00,12.3,A,08053430
2020-11-27 00:00:00+00:00,11.6,A,08053430
2020-11-28 00:00:00+00:00,11.7,A,08053430
2020-11-29 00:00:00+00:00,20.5,A,08053430
2020-11-30 00:00:00+00:00,17.5,A,08053430
2020-12-01 00:00:00+00:00,14.1,A,08053430
2020-12-02 00:00:00+00:00,13.6,A,08053430
2020-12-03 00:00:00+00:00,13.4,A,08053430
2020-12-04 00:00:00+00:00,12.7,A,08053430
2020-12-05 00:00:00+00:00,12.5,A,08053430
2020-12-06 00:00:00+00:00,13.6,A,08053430
2020-12-07 00:00:00+00:00,13.0,A,08053430
2020-12-08 00:00:00+00:00,12.1,A,08053430
2020-12-09 00:00:00+00:00,11.8,A,08053430
2020-12-10 00:00:00+00:00,12.1,A,08053430
2020-12-11 00:00:00+00:00,12.4,A,08053430
2020-12-12 00:00:00+00:00,12.2,A,08053430
2020-12-13 00:00:00+00:00,14.4,A,08053430
2020-12-14 00:00:00+00:00,20.0,A,08053430
2020-12-15 00:00:00+00:00,16.9,A,08053430
2020-12-16 00:00:00+00:00,15.4,A,08053430
2020-12-17 00:00:00+00:00,14.5,A,08053430
2020-12-18 00:00:00+00:00,13.9,A,08053430
2020-12-19 00:00:00+00:00,13.1,A,08053430
2020-12-20 00:00:00+00:00,13.1,A,08053430
2020-12-21 00:00:00+00:00,12.8,A,08053430
2020-12-22 00:00:00+00:00,12.5,A,08053430
2020-12-23 00:00:00+00:00,13.9,A,08053430
2020-12-24 00:00:00+00:00,16.8,A,08053430
2020-12-25 00:00:00+00:00,17.6,A,08053430
2020-12-26 00:00:00+00:00,18.7,A,08053430
2020-12-27 00:00:00+00:00,19.0,A,08053430
2020-12-28 00:00:00+00:00,18.3,A,08053430
2020-12-29 00:00:00+00:00,18.5,A,08053430
2020-12-30 00:00:00+00:00,21.5,A,08053430
2020-12-31 00:00:00+00:00,33.2,A,08053430
2021-01-01 00:00:00+00:00,218.0,A,08053430
2021-01-02 00:00:00+00:00,105.0,A,08053430
2021-01-03 00:00:00+00:00,54.9,A,08053430
2021-01-04 00:00:00+00:00,35.7,A,08053430
2021-01-05 00:00:00+00:00,27.5,A,08053430
2021-01-06 00:00:00+00:00,24.5,A,08053430
2021-01-07 00:00:00+00:00,21.9,A,08053430
2021-01-08 00:00:00+00:00,19.4,A,08053430
2021-01-09 00:00:00+00:00,17.8,A,08053430
2021-01-10 00:00:00+00:00,17.8,A,08053430
2021-01-11 00:00:00+00:00,18.1,A,08053430
2021-01-12 00:00:00+00:00,17.4,A,08053430
2021-01-13 00:00:00+00:00,17.6,A,08053430
2021-01-14 00:00:00+00:00,18.2,A,08053430
2021-01-15 00:00:00+00:00,17.9,A,08053430
2021-01-16 00:00:00+00:00,18.7,A,08053430
2021-01-17 00:00:00+00:00,19.3,A,08053430
2021-01-18 00:00:00+00:00,19.4,A,08053430
2021-01-19 00:00:00+00:00,19.5,A,08053430
2021-01-20 00:00:00+00:00,19.7,A,08053430
2021-01-21 00:00:00+00:00,22.8,A,08053430
2021-01-22 00:00:00+00:00,22.7,A,08053430
2021-01-23 00:00:00+00:00,22.1,A,08053430
2021-01-24 00:00:00+00:00,23.7,A,08053430
2021-01-25 00:00:00+00:00,40.7,A,08053430
2021-01-26 00:00:00+00:00,47.4,A,08053430
2021-01-27 00:00:00+00:00,27.3,A,08053430
2021-01-28 00:00:00+00:00,21.3,A,08053430
2021-01-29 00:00:00+00:00,20.3,A,08053430
2021-01-30 00:00:00+00:00,21.3,A,08053430
2021-01-31 00:00:00+00:00,20.0,A,08053430
2021-02-01 00:00:00+00:00,17.7,A,08053430
2021-02-02 00:00:00+00:00,17.6,A,08053430
2021-02-03 00:00:00+00:00,18.3,A,08053430
2021-02-04 00:00:00+00:00,20.3,A,08053430
2021-02-05 00:00:00+00:00,20.5,A,08053430
2021-02-06 00:00:00+00:00,18.9,A,08053430
2021-02-07 00:00:00+00:00,17.4,A,08053430
2021-02-08 00:00:00+00:00,17.6,A,08053430
2021-02-09 00:00:00+00:00,16.8,A,08053430
2021-02-10 00:00:00+00:00,16.7,A,08053430
2021-02-11 00:00:00+00:00,16.8,A,08053430
2021-02-12 00:00:00+00:00,16.7,A,08053430
2021-02-13 00:00:00+00:00,25.6,A,08053430
2021-02-14 00:00:00+00:00,38.8,"A, e",08053430
2021-02-15 00:00:00+00:00,43.0,"A, e",08053430
2021-02-16 00:00:00+00:00,14.0,"A, e",08053430
2021-02-17 00:00:00+00:00,23.1,"A, e",08053430
2021-02-18 00:00:00+00:00,32.3,"A, e",08053430
2021-02-19 00:00:00+00:00,27.7,"A, e",08053430
2021-02-20 00:00:00+00:00,36.2,A,08053430
2021-02-21 00:00:00+00:00,30.1,A,08053430
2021-02-22 00:00:00+00:00,21.8,A,08053430
2021-02-23 00:00:00+00:00,18.5,A,08053430
2021-02-24 00:00:00+00:00,17.6,A,08053430
2021-02-25 00:00:00+00:00,17.0,A,08053430
2021-02-26 00:00:00+00:00,33.6,A,08053430
2021-02-27 00:00:00+00:00,25.8,A,08053430
2021-02-28 00:00:00+00:00,70.4,A,08053430
2021-03-01 00:00:00+00:00,60.9,A,08053430
2021-03-02 00:00:00+00:00,28.8,A,08053430
2021-03-03 00:00:00+00:00,21.7,A,08053430
2021-03-04 00:00:00+00:00,19.6,A,08053430
2021-03-05 00:00:00+00:00,18.5,A,08053430
2021-03-06 00:00:00+00:00,16.0,A,08053430
2021-03-07 00:00:00+00:00,14.6,A,08053430
2021-03-08 00:00:00+00:00,14.6,A,08053430
2021-03-09 00:00:00+00:00,13.7,A,08053430
2021-03-10 00:00:00+00:00,14.6,A,08053430
2021-03-11 00:00:00+00:00,16.0,A,08053430
2021-03-12 00:00:00+00:00,16.0,A,08053430
2021-03-13 00:00:00+00:00,16.4,A,08053430
2021-03-14 00:00:00+00:00,17.0,A,08053430
2021-03-15 00:00:00+00:00,16.3,A,08053430
2021-03-16 00:00:00+00:00,15.2,A,08053430
2021-03-17 00:00:00+00:00,17.1,A,08053430
2021-03-18 00:00:00+00:00,14.4,A,08053430
2021-03-19 00:00:00+00:00,12.6,A,08053430
2021-03-20 00:00:00+00:00,12.1,A,08053430
2021-03-21 00:00:00+00:00,12.5,A,08053430
2021-03-22 00:00:00+00:00,24.7,A,08053430
2021-03-23 00:00:00+00:00,130.0,A,08053430
2021-03-24 00:00:00+00:00,66.3,A,08053430
2021-03-25 00:00:00+00:00,122.0,A,08053430
2021-03-26 00:00:00+00:00,91.2,A,08053430
2021-03-27 00:00:00+00:00,60.7,A,08053430
2021-03-28 00:00:00+00:00,43.5,A,08053430
2021-03-29 00:00:00+00:00,31.3,A,08053430
2021-03-30 00:00:00+00:00,24.9,A,08053430
2021-03-31 00:00:00+00:00,19.9,A,08053430
2021-04-01 00:00:00+00:00,15.3,A,08053430
2021-04-02 00:00:00+00:00,14.7,A,08053430
2021-04-03 00:00:00+00:00,15.0,A,08053430
2021-04-04 00:00:00+00:00,15.3,A,08053430
2021-04-05 00:00:00+00:00,17.4,A,08053430
2021-04-06 00:00:00+00:00,17.9,A,08053430
2021-04-07 00:00:00+00:00,14.0,A,08053430
2021-04-08 00:00:00+00:00,11.5,A,08053430
2021-04-09 00:00:00+00:00,11.6,A,08053430
2021-04-10 00:00:00+00:00,10.6,A,08053430
2021-04-11 00:00:00+00:00,9.6,A,08053430
2021-04-12 00:00:00+00:00,9.85,A,08053430
2021-04-13 00:00:00+00:00,11.3,A,08053430
2021-04-14 00:00:00+00:00,9.81,A,08053430
2021-04-15 00:00:00+00:00,25.3,A,08053430
2021-04-16 00:00:00+00:00,75.6,A,08053430
2021-04-17 00:00:00+00:00,72.0,A,08053430
2021-04-18 00:00:00+00:00,42.8,A,08053430
2021-04-19 00:00:00+00:00,26.3,A,08053430
2021-04-20 00:00:00+00:00,20.1,A,08053430
2021-04-21 00:00:00+00:00,16.5,A,08053430
2021-04-22 00:00:00+00:00,15.7,A,08053430
2021-04-23 00:00:00+00:00,32.3,A,08053430
2021-04-24 00:00:00+00:00,61.4,A,08053430
2021-04-25 00:00:00+00:00,48.6,A,08053430
2021-04-26 00:00:00+00:00,34.5,A,08053430
2021-04-27 00:00:00+00:00,32.3,A,08053430
2021-04-28 00:00:00+00:00,198.0,A,08053430
2021-04-29 00:00:00+00:00,872.0,A,08053430
2021-04-30 00:00:00+00:00,502.0,A,08053430
2021-05-01 00:00:00+00:00,242.0,A,08053430
2021-05-02 00:00:00+00:00,150.0,A,08053430
2021-05-03 00:00:00+00:00,121.0,A,08053430
2021-05-04 00:00:00+00:00,103.0,A,08053430
2021-05-05 00:00:00+00:00,75.1,A,08053430
2021-05-06 00:00:00+00:00,55.8,A,08053430
2021-05-07 00:00:00+00:00,41.3,A,08053430
2021-05-08 00:00:00+00:00,31.9,A,08053430
2021-05-09 00:00:00+00:00,26.9,A,08053430
2021-05-10 00:00:00+00:00,23.4,A,08053430
2021-05-11 00:00:00+00:00,30.0,A,08053430
2021-05-12 00:00:00+00:00,42.5,A,08053430
2021-05-13 00:00:00+00:00,34.9,A,08053430
2021-05-14 00:00:00+00:00,28.6,A,08053430
2021-05-15 00:00:00+00:00,25.7,A,08053430
2021-05-16 00:00:00+00:00,36.6,A,08053430
2021-05-17 00:00:00+00:00,180.0,A,08053430
2021-05-18 00:00:00+00:00,791.0,A,08053430
2021-05-19 00:00:00+00:00,563.0,A,08053430
2021-05-20 00:00:00+00:00,251.0,A,08053430
2021-05-21 00:00:00+00:00,132.0,A,08053430
2021-05-22 00:00:00+00:00,88.5,A,08053430
2021-05-23 00:00:00+00:00,107.0,A,08053430
2021-05-24 00:00:00+00:00,108.0,A,08053430
2021-05-25 00:00:00+00:00,287.0,A,08053430
2021-05-26 00:00:00+00:00,241.0,A,08053430
2021-05-27 00:00:00+00:00,130.0,A,08053430
2021-05-28 00:00:00+00:00,288.0,A,08053430
2021-05-29 00:00:00+00:00,239.0,A,08053430
2021-05-30 00:00:00+00:00,126.0,A,08053430
2021-05-31 00:00:00+00:00,288.0,A,08053430
2021-06-01 00:00:00+00:00,772.0,A,08053430
2021-06-02 00:00:00+00:00,407.0,A,08053430
2021-06-03 00:00:00+00:00,209.0,A,08053430
2021-06-04 00:00:00+00:00,125.0,A,08053430
2021-06-05 00:00:00+00:00,122.0,A,08053430
2021-06-06 00:00:00+00:00,536.0,A,08053430
2021-06-07 00:00:00+00:00,510.0,A,08053430
2021-06-08 00:00:00+00:00,604.0,A,08053430
2021-06-09 00:00:00+00:00,275.0,A,08053430
2021-06-10 00:00:00+00:00,142.0,A,08053430
2021-06-11 00:00:00+00:00,97.9,A,08053430
2021-06-12 00:00:00+00:00,142.0,A,08053430
2021-06-13 00:00:00+00:00,143.0,A,08053430
2021-06-14 00:00:00+00:00,82.4,A,08053430
2021-06-15 00:00:00+00:00,65.7,A,08053430
2021-06-16 00:00:00+00:00,51.9,A,08053430
2021-06-17 00:00:00+00:00,42.8,A,08053430
2021-06-18 00:00:00+00:00,37.6,A,08053430
2021-06-19 00:00:00+00:00,32.3,A,08053430
2021-06-20 00:00:00+00:00,29.4,A,08053430
2021-06-21 00:00:00+00:00,27.9,A,08053430
2021-06-22 00:00:00+00:00,27.0,A,08053430
2021-06-23 00:00:00+00:00,26.1,A,08053430
2021-06-24 00:00:00+00:00,24.5,A,08053430
2021-06-25 00:00:00+00:00,25.7,A,08053430
2021-06-26 00:00:00+00:00,23.1,A,08053430
2021-06-27 00:00:00+00:00,23.3,A,08053430
2021-06-28 00:00:00+00:00,31.7,A,08053430
2021-06-29 00:00:00+00:00,31.6,A,08053430
2021-06-30 00:00:00+00:00,25.9,A,08053430
2021-07-01 00:00:00+00:00,20.8,A,08053430
2021-07-02 00:00:00+00:00,26.1,A,08053430
2021-07-03 00:00:00+00:00,29.6,A,08053430
2021-07-04 00:00:00+00:00,22.0,A,08053430
2021-07-05 00:00:00+00:00,18.9,A,08053430
2021-07-06 00:00:00+00:00,17.0,A,08053430
2021-07-07 00:00:00+00:00,15.8,A,08053430
2021-07-08 00:00:00+00:00,14.8,A,08053430
2021-07-09 00:00:00+00:00,13.5,A,08053430
2021-07-10 00:00:00+00:00,13.5,A,08053430
2021-07-11 00:00:00+00:00,17.5,A,08053430
2021-07-12 00:00:00+00:00,15.6,A,08053430
2021-07-13 00:00:00+00:00,12.7,A,08053430
2021-07-14 00:00:00+00:00,11.5,A,08053430
2021-07-15 00:00:00+00:00,10.7,A,08053430
2021-07-16 00:00:00+00:00,10.4,A,08053430
2021-07-17 00:00:00+00:00,9.94,A,08053430
2021-07-18 00:00:00+00:00,9.83,A,08053430
2021-07-19 00:00:00+00:00,17.1,A,08053430
2021-07-20 00:00:00+00:00,18.6,A,08053430
2021-07-21 00:00:00+00:00,11.3,A,08053430
2021-07-22 00:00:00+00:00,9.73,A,08053430
2021-07-23 00:00:00+00:00,8.97,A,08053430
2021-07-24 00:00:00+00:00,8.23,A,08053430
2021-07-25 00:00:00+00:00,7.29,A,08053430
2021-07-26 00:00:00+00:00,6.6,A,08053430
2021-07-27 00:00:00+00:00,6.21,A,08053430
2021-07-28 00:00:00+00:00,6.84,A,08053430
2021-07-29 00:00:00+00:00,6.07,A,08053430
2021-07-30 00:00:00+00:00,5.96,A,08053430
2021-07-31 00:00:00+00:00,6.25,A,08053430
2021-08-01 00:00:00+00:00,18.8,A,08053430
2021-08-02 00:00:00+00:00,89.5,A,08053430
2021-08-03 00:00:00+00:00,32.4,A,08053430
2021-08-04 00:00:00+00:00,15.4,A,08053430
2021-08-05 00:00:00+00:00,10.7,A,08053430
2021-08-06 00:00:00+00:00,9.83,A,08053430
2021-08-07 00:00:00+00:00,9.71,A,08053430
2021-08-08 00:00:00+00:00,8.39,A,08053430
2021-08-09 00:00:00+00:00,7.0,A,08053430
2021-08-10 00:00:00+00:00,5.85,A,08053430
2021-08-11 00:00:00+00:00,4.69,A,08053430
2021-08-12 00:00:00+00:00,3.98,A,08053430
2021-08-13 00:00:00+00:00,3.74,A,08053430
2021-08-14 00:00:00+00:00,4.14,A,08053430
2021-08-15 00:00:00+00:00,6.55,A,08053430
2021-08-16 00:00:00+00:00,8.33,A,08053430
2021-08-17 00:00:00+00:00,20.2,A,08053430
2021-08-18 00:00:00+00:00,383.0,A,08053430
2021-08-19 00:00:00+00:00,349.0,A,08053430
2021-08-20 00:00:00+00:00,101.0,A,08053430
2021-08-21 00:00:00+00:00,46.7,A,08053430
2021-08-22 00:00:00+00:00,25.9,A,08053430
2021-08-23 00:00:00+00:00,16.1,A,08053430
2021-08-24 00:00:00+00:00,12.2,A,08053430
2021-08-25 00:00:00+00:00,9.5,A,08053430
2021-08-26 00:00:00+00:00,7.92,A,08053430
2021-08-27 00:00:00+00:00,7.19,A,08053430
2021-08-28 00:00:00+00:00,6.75,A,08053430
2021-08-29 00:00:00+00:00,6.56,A,08053430
2021-08-30 00:00:00+00:00,6.76,A,08053430
2021-08-31 00:00:00+00:00,6.31,A,08053430
2021-09-01 00:00:00+00:00,5.77,A,08053430
2021-09-02 00:00:00+00:00,4.83,A,08053430
2021-09-03 00:00:00+00:00,4.08,A,08053430
2021-09-04 00:00:00+00:00,3.66,A,08053430
2021-09-05 00:00:00+00:00,3.46,A,08053430
2021-09-06 00:00:00+00:00,3.75,A,08053430
2021-09-07 00:00:00+00:00,3.55,A,08053430
2021-09-08 00:00:00+00:00,3.19,A,08053430
2021-09-09 00:00:00+00:00,2.34,A,08053430
2021-09-10 00:00:00+00:00,2.11,A,08053430
2021-09-11 00:00:00+00:00,1.84,A,08053430
2021-09-12 00:00:00+00:00,1.79,A,08053430
2021-09-13 00:00:00+00:00,1.93,A,08053430
2021-09-14 00:00:00+00:00,2.17,A,08053430
2021-09-15 00:00:00+00:00,2.1,A,08053430
2021-09-16 00:00:00+00:00,1.8,A,08053430
2021-09-17 00:00:00+00:00,1.54,A,08053430
2021-09-18 00:00:00+00:00,1.16,A,08053430
2021-09-19 00:00:00+00:00,0.94,A,08053430
2021-09-20 00:00:00+00:00,0.93,A,08053430
2021-09-21 00:00:00+00:00,0.93,A,08053430
2021-09-22 00:00:00+00:00,0.35,A,08053430
2021-09-23 00:00:00+00:00,0.21,A,08053430
2021-09-24 00:00:00+00:00,0.87,A,08053430
2021-09-25 00:00:00+00:00,1.04,A,08053430
2021-09-26 00:00:00+00:00,1.02,A,08053430
2021-09-27 00:00:00+00:00,0.94,A,08053430
2021-09-28 00:00:00+00:00,0.77,A,08053430
2021-09-29 00:00:00+00:00,2.1,A,08053430
2021-09-30 00:00:00+00:00,5.17,A,08053430
2021-10-01 00:00:00+00:00,4.86,A,08053430
2021-10-02 00:00:00+00:00,3.39,A,08053430
2021-10-03 00:00:00+00:00,3.66,A,08053430
2021-10-04 00:00:00+00:00,2.64,A,08053430
2021-10-05 00:00:00+00:00,1.79,A,08053430
2021-10-06 00:00:00+00:00,1.18,A,08053430
2021-10-07 00:00:00+00:00,1.18,A,08053430
2021-10-08 00:00:00+00:00,1.23,A,08053430
2021-10-09 00:00:00+00:00,1.01,A,08053430
2021-10-10 00:00:00+00:00,1.13,A,08053430
2021-10-11 00:00:00+00:00,4.3,A,08053430
2021-10-12 00:00:00+00:00,3.23,A,08053430
2021-10-13 00:00:00+00:00,30.2,A,08053430
2021-10-14 00:00:00+00:00,85.2,A,08053430
2021-10-15 00:00:00+00:00,23.4,A,08053430
2021-10-16 00:00:00+00:00,8.61,A,08053430
2021-10-17 00:00:00+00:00,5.55,A,08053430
2021-10-18 00:00:00+00:00,5.02,A,08053430
2021-10-19 00:00:00+00:00,5.8,A,08053430
2021-10-20 00:00:00+00:00,5.01,A,08053430
2021-10-21 00:00:00+00:00,4.64,A,08053430
2021-10-22 00:00:00+00:00,4.61,A,08053430
2021-10-23 00:00:00+00:00,5.98,A,08053430
2021-10-24 00:00:00+00:00,5.27,A,08053430
2021-10-25 00:00:00+00:00,4.62,A,08053430
2021-10-26 00:00:00+00:00,5.35,A,08053430
2021-10-27 00:00:00+00:00,9.98,A,08053430
2021-10-28 00:00:00+00:00,8.16,A,08053430
2021-10-29 00:00:00+00:00,2.48,A,08053430
2021-10-30 00:00:00+00:00,1.67,A,08053430
2021-10-31 00:00:00+00:00,2.06,A,08053430
2021-11-01 00:00:00+00:00,2.34,A,08053430
2021-11-02 00:00:00+00:00,2.43,A,08053430
2021-11-03 00:00:00+00:00,23.4,A,08053430
2021-11-04 00:00:00+00:00,15.9,A,08053430
2021-11-05 00:00:00+00:00,3.44,A,08053430
2021-11-06 00:00:00+00:00,1.21,A,08053430
2021-11-07 00:00:00+00:00,1.62,A,08053430
2021-11-08 00:00:00+00:00,2.59,A,08053430
2021-11-09 00:00:00+00:00,2.3,A,08053430
2021-11-10 00:00:00+00:00,3.59,A,08053430
2021-11-11 00:00:00+00:00,6.28,A,08053430
2021-11-12 00:00:00+00:00,5.12,A,08053430
2021-11-13 00:00:00+00:00,4.06,A,08053430
2021-11-14 00:00:00+00:00,5.07,A,08053430
2021-11-15 00:00:00+00:00,5.36,A,08053430
2021-11-16 00:00:00+00:00,5.69,A,08053430
2021-11-17 00:00:00+00:00,5.71,A,08053430
2021-11-18 00:00:00+00:00,4.9,A,08053430
2021-11-19 00:00:00+00:00,5.45,A,08053430
2021-11-20 00:00:00+00:00,6.58,A,08053430
2021-11-21 00:00:00+00:00,7.58,A,08053430
2021-11-22 00:00:00+00:00,8.43,A,08053430
2021-11-23 00:00:00+00:00,8.68,A,08053430
2021-11-24 00:00:00+00:00,8.86,A,08053430
2021-11-25 00:00:00+00:00,8.05,A,08053430
2021-11-26 00:00:00+00:00,6.57,A,08053430
2021-11-27 00:00:00+00:00,7.97,A,08053430
2021-11-28 00:00:00+00:00,13.7,A,08053430
2021-11-29 00:00:00+00:00,10.1,A,08053430
2021-11-30 00:00:00+00:00,9.01,A,08053430
2021-12-01 00:00:00+00:00,9.09,A,08053430
2021-12-02 00:00:00+00:00,8.93,A,08053430
2021-12-03 00:00:00+00:00,9.14,A,08053430
2021-12-04 00:00:00+00:00,9.53,A,08053430
2021-12-05 00:00:00+00:00,9.71,A,08053430
2021-12-06 00:00:00+00:00,9.12,A,08053430
2021-12-07 00:00:00+00:00,8.85,A,08053430
2021-12-08 00:00:00+00:00,9.22,A,08053430
2021-12-09 00:00:00+00:00,9.76,A,08053430
2021-12-10 00:00:00+00:00,10.1,A,08053430
2021-12-11 00:00:00+00:00,9.63,A,08053430
2021-12-12 00:00:00+00:00,8.7,A,08053430
2021-12-13 00:00:00+00:00,9.09,A,08053430
2021-12-14 00:00:00+00:00,9.34,A,08053430
2021-12-15 00:00:00+00:00,9.5,A,08053430
2021-12-16 00:00:00+00:00,9.35,A,08053430
2021-12-17 00:00:00+00:00,9.2,A,08053430
2021-12-18 00:00:00+00:00,9.07,A,08053430
2021-12-19 00:00:00+00:00,8.74,A,08053430
2021-12-20 00:00:00+00:00,8.61,A,08053430
2021-12-21 00:00:00+00:00,8.97,A,08053430
2021-12-22 00:00:00+00:00,9.39,A,08053430
2021-12-23 00:00:00+00:00,9.48,A,08053430
2021-12-24 00:00:00+00:00,9.72,A,08053430
2021-12-25 00:00:00+00:00,9.65,A,08053430
2021-12-26 00:00:00+00:00,9.28,A,08053430
2021-12-27 00:00:00+00:00,9.18,A,08053430
2021-12-28 00:00:00+00:00,8.95,A,08053430
2021-12-29 00:00:00+00:00,8.84,A,08053430
2021-12-30 00:00:00+00:00,8.83,A,08053430
2021-12-31 00:00:00+00:00,8.71,A,08053430
2022-01-01 00:00:00+00:00,10.6,A,08053430
2022-01-02 00:00:00+00:00,9.11,A,08053430
2022-01-03 00:00:00+00:00,8.37,A,08053430
2022-01-04 00:00:00+00:00,8.6,A,08053430
2022-01-05 00:00:00+00:00,8.95,A,08053430
2022-01-06 00:00:00+00:00,9.06,A,08053430
2022-01-07 00:00:00+00:00,8.68,A,08053430
2022-01-08 00:00:00+00:00,9.01,A,08053430
2022-01-09 00:00:00+00:00,9.07,A,08053430
2022-01-10 00:00:00+00:00,8.77,A,08053430
2022-01-11 00:00:00+00:00,8.39,A,08053430
2022-01-12 00:00:00+00:00,8.62,A,08053430
2022-01-13 00:00:00+00:00,9.02,A,08053430
2022-01-14 00:00:00+00:00,9.04,A,08053430
2022-01-15 00:00:00+00:00,8.55,A,08053430
2022-01-16 00:00:00+00:00,8.49,A,08053430
2022-01-17 00:00:00+00:00,9.02,A,08053430
2022-01-18 00:00:00+00:00,9.19,A,08053430
2022-01-19 00:00:00+00:00,8.98,A,08053430
2022-01-20 00:00:00+00:00,8.23,A,08053430
2022-01-21 00:00:00+00:00,8.5,A,08053430
2022-01-22 00:00:00+00:00,8.67,A,08053430
2022-01-23 00:00:00+00:00,9.32,A,08053430
2022-01-24 00:00:00+00:00,9.89,A,08053430
2022-01-25 00:00:00+00:00,9.92,A,08053430
2022-01-26 00:00:00+00:00,9.42,A,08053430
2022-01-27 00:00:00+00:00,9.18,A,08053430
2022-01-28 00:00:00+00:00,9.06,A,08053430
2022-01-29 00:00:00+00:00,8.91,A,08053430
2022-01-30 00:00:00+00:00,9.27,A,08053430
2022-01-31 00:00:00+00:00,9.33,A,08053430
2022-02-01 00:00:00+00:00,9.0,A,08053430
2022-02-02 00:00:00+00:00,9.61,A,08053430
2022-02-03 00:00:00+00:00,14.3,A,08053430
2022-02-04 00:00:00+00:00,15.5,A,08053430
2022-02-05 00:00:00+00:00,16.0,A,08053430
2022-02-06 00:00:00+00:00,15.2,A,08053430
2022-02-07 00:00:00+00:00,13.9,A,08053430
2022-02-08 00:00:00+00:00,12.8,A,08053430
2022-02-09 00:00:00+00:00,12.1,A,08053430
2022-02-10 00:00:00+00:00,11.6,A,08053430
2022-02-11 00:00:00+00:00,11.1,A,08053430
2022-02-12 00:00:00+00:00,10.8,A,08053430
2022-02-13 00:00:00+00:00,10.9,A,08053430
2022-02-14 00:00:00+00:00,11.0,A,08053430
2022-02-15 00:00:00+00:00,11.7,A,08053430
2022-02-16 00:00:00+00:00,11.7,A,08053430
2022-02-17 00:00:00+00:00,14.8,A,08053430
2022-02-18 00:00:00+00:00,15.0,A,08053430
2022-02-19 00:00:00+00:00,13.5,A,08053430
2022-02-20 00:00:00+00:00,13.2,A,08053430
2022-02-21 00:00:00+00:00,15.0,A,08053430
2022-02-22 00:00:00+00:00,198.0,A,08053430
2022-02-23 00:00:00+00:00,42.8,A,08053430
2022-02-24 00:00:00+00:00,26.1,A,08053430
2022-02-25 00:00:00+00:00,21.5,A,08053430
2022-02-26 00:00:00+00:00,19.9,A,08053430
2022-02-27 00:00:00+00:00,18.9,A,08053430
2022-02-28 00:00:00+00:00,17.7,A,08053430
2022-03-01 00:00:00+00:00,17.1,A,08053430
2022-03-02 00:00:00+00:00,17.0,A,08053430
2022-03-03 00:00:00+00:00,16.5,A,08053430
2022-03-04 00:00:00+00:00,16.1,A,08053430
2022-03-05 00:00:00+00:00,16.1,A,08053430
2022-03-06 00:00:00+00:00,16.1,A,08053430
2022-03-07 00:00:00+00:00,17.6,A,08053430
2022-03-08 00:00:00+00:00,17.1,A,08053430
2022-03-09 00:00:00+00:00,17.8,A,08053430
2022-03-10 00:00:00+00:00,16.1,A,08053430
2022-03-11 00:00:00+00:00,14.7,A,08053430
2022-03-12 00:00:00+00:00,15.2,A,08053430
2022-03-13 00:00:00+00:00,14.7,A,08053430
2022-03-14 00:00:00+00:00,15.0,A,08053430
2022-03-15 00:00:00+00:00,15.0,A,08053430
2022-03-16 00:00:00+00:00,14.8,A,08053430
2022-03-17 00:00:00+00:00,15.2,A,08053430
2022-03-18 00:00:00+00:00,15.4,A,08053430
2022-03-19 00:00:00+00:00,15.0,A,08053430
2022-03-20 00:00:00+00:00,14.1,A,08053430
2022-03-21 00:00:00+00:00,18.1,A,08053430
2022-03-22 00:00:00+00:00,20.5,A,08053430
2022-03-23 00:00:00+00:00,11.6,A,08053430
2022-03-24 00:00:00+00:00,7.88,A,08053430
2022-03-25 00:00:00+00:00,7.04,A,08053430
2022-03-26 00:00:00+00:00,7.5,A,08053430
2022-03-27 00:00:00+00:00,7.61,A,08053430
2022-03-28 00:00:00+00:00,6.3,A,08053430
2022-03-29 00:00:00+00:00,5.13,A,08053430
2022-03-30 00:00:00+00:00,13.2,A,08053430
2022-03-31 00:00:00+00:00,12.1,A,08053430
2022-04-01 00:00:00+00:00,7.91,A,08053430
2022-04-02 00:00:00+00:00,7.12,A,08053430
2022-04-03 00:00:00+00:00,6.74,A,08053430
2022-04-04 00:00:00+00:00,87.2,A,08053430
2022-04-05 00:00:00+00:00,382.0,A,08053430
2022-04-06 00:00:00+00:00,90.2,A,08053430
2022-04-07 00:00:00+00:00,34.8,A,08053430
2022-04-08 00:00:00+00:00,24.2,A,08053430
2022-04-09 00:00:00+00:00,20.2,A,08053430
2022-04-10 00:00:00+00:00,18.4,A,08053430
2022-04-11 00:00:00+00:00,18.1,A,08053430
2022-04-12 00:00:00+00:00,21.7,A,08053430
2022-04-13 00:00:00+00:00,15.7,A,08053430
2022-04-14 00:00:00+00:00,14.3,A,08053430
2022-04-15 00:00:00+00:00,13.6,A,08053430
2022-04-16 00:00:00+00:00,13.4,A,08053430
2022-04-17 00:00:00+00:00,12.8,A,08053430
2022-04-18 00:00:00+00:00,12.5,A,08053430
2022-04-19 00:00:00+00:00,12.7,A,08053430
2022-04-20 00:00:00+00:00,13.8,A,08053430
2022-04-21 00:00:00+00:00,12.9,A,08053430
2022-04-22 00:00:00+00:00,12.6,A,08053430
2022-04-23 00:00:00+00:00,14.8,A,08053430
2022-04-24 00:00:00+00:00,119.0,A,08053430
2022-04-25 00:00:00+00:00,1120.0,A,08053430
2022-04-26 00:00:00+00:00,526.0,A,08053430
2022-04-27 00:00:00+00:00,194.0,A,08053430
2022-04-28 00:00:00+00:00,86.4,A,08053430
2022-04-29 00:00:00+00:00,43.8,A,08053430
2022-04-30 00:00:00+00:00,26.3,A,08053430
2022-05-01 00:00:00+00:00,18.6,A,08053430
2022-05-02 00:00:00+00:00,602.0,A,08053430
2022-05-03 00:00:00+00:00,350.0,A,08053430
2022-05-04 00:00:00+00:00,238.0,A,08053430
2022-05-05 00:00:00+00:00,141.0,A,08053430
2022-05-06 00:00:00+00:00,68.9,A,08053430
2022-05-07 00:00:00+00:00,50.3,A,08053430
2022-05-08 00:00:00+00:00,41.4,A,08053430
2022-05-09 00:00:00+00:00,30.2,A,08053430
2022-05-10 00:00:00+00:00,19.9,A,08053430
2022-05-11 00:00:00+00:00,13.4,A,08053430
2022-05-12 00:00:00+00:00,10.2,A,08053430
2022-05-13 00:00:00+00:00,9.02,A,08053430
2022-05-14 00:00:00+00:00,7.77,A,08053430
2022-05-15 00:00:00+00:00,6.9,A,08053430
2022-05-16 00:00:00+00:00,9.85,A,08053430
2022-05-17 00:00:00+00:00,9.15,A,08053430
2022-05-18 00:00:00+00:00,7.88,A,08053430
2022-05-19 00:00:00+00:00,7.62,A,08053430
2022-05-20 00:00:00+00:00,10.3,A,08053430
2022-05-21 00:00:00+00:00,5.63,A,08053430
2022-05-22 00:00:00+00:00,5.05,A,08053430
2022-05-23 00:00:00+00:00,6.23,A,08053430
2022-05-24 00:00:00+00:00,47.1,A,08053430
2022-05-25 00:00:00+00:00,371.0,A,08053430
2022-05-26 00:00:00+00:00,123.0,A,08053430
2022-05-27 00:00:00+00:00,40.2,A,08053430
2022-05-28 00:00:00+00:00,19.3,A,08053430
2022-05-29 00:00:00+00:00,14.2,A,08053430
2022-05-30 00:00:00+00:00,12.7,A,08053430
2022-05-31 00:00:00+00:00,11.9,A,08053430
2022-06-01 00:00:00+00:00,11.2,A,08053430
2022-06-02 00:00:00+00:00,486.0,A,08053430
2022-06-03 00:00:00+00:00,263.0,A,08053430
2022-06-04 00:00:00+00:00,98.6,A,08053430
2022-06-05 00:00:00+00:00,45.9,A,08053430
2022-06-06 00:00:00+00:00,23.9,A,08053430
2022-06-07 00:00:00+00:00,16.7,A,08053430
2022-06-08 00:00:00+00:00,13.4,A,08053430
2022-06-09 00:00:00+00:00,12.8,A,08053430
2022-06-10 00:00:00+00:00,12.1,A,08053430
2022-06-11 00:00:00+00:00,10.7,A,08053430
2022-06-12 00:00:00+00:00,9.29,A,08053430
2022-06-13 00:00:00+00:00,8.04,A,08053430
2022-06-14 00:00:00+00:00,6.71,A,08053430
2022-06-15 00:00:00+00:00,6.09,A,08053430
2022-06-16 00:00:00+00:00,5.69,A,08053430
2022-06-17 00:00:00+00:00,5.12,A,08053430
2022-06-18 00:00:00+00:00,4.34,A,08053430
2022-06-19 00:00:00+00:00,3.53,A,08053430
2022-06-20 00:00:00+00:00,2.43,A,08053430
2022-06-21 00:00:00+00:00,1.44,P,08053430
2022-06-22 00:00:00+00:00,1.31,P,08053430
2022-06-23 00:00:00+00:00,1.26,P,08053430
2022-06-24 00:00:00+00:00,5.22,P,08053430
2022-06-25 00:00:00+00:00,0.49,P,08053430
2022-06-26 00:00:00+00:00,0.05,P,08053430
2022-06-27 00:00:00+00:00,0.22,P,08053430
2022-06-28 00:00:00+00:00,1.17,P,08053430
2022-06-29 00:00:00+00:00,3.06,P,08053430
2022-06-30 00:00:00+00:00,2.78,P,08053430
2022-07-01 00:00:00+00:00,2.37,P,08053430
2022-07-02 00:00:00+00:00,2.29,P,08053430
2022-07-03 00:00:00+00:00,2.88,P,08053430
2022-07-04 00:00:00+00:00,6.81,P,08053430
2022-07-05 00:00:00+00:00,4.81,P,08053430
2022-07-06 00:00:00+00:00,3.52,P,08053430
2022-07-07 00:00:00+00:00,2.78,P,08053430
2022-07-08 00:00:00+00:00,2.42,P,08053430
2022-07-09 00:00:00+00:00,2.39,P,08053430
2022-07-10 00:00:00+00:00,2.62,P,08053430
2022-07-11 00:00:00+00:00,2.83,P,08053430
2022-07-12 00:00:00+00:00,2.87,P,08053430
2022-07-13 00:00:00+00:00,2.79,P,08053430
2022-07-14 00:00:00+00:00,2.36,P,08053430
2022-07-15 00:00:00+00:00,2.45,P,08053430
2022-07-16 00:00:00+00:00,2.33,P,08053430
2022-07-17 00:00:00+00:00,2.02,P,08053430
2022-07-18 00:00:00+00:00,1.62,P,08053430
2022-07-19 00:00:00+00:00,0.85,P,08053430
2022-07-20 00:00:00+00:00,0.46,P,08053430
2022-07-21 00:00:00+00:00,0.61,P,08053430
2022-07-22 00:00:00+00:00,0.66,P,08053430
2022-07-23 00:00:00+00:00,2.45,P,08053430
2022-07-24 00:00:00+00:00,3.21,P,08053430
2022-07-25 00:00:00+00:00,3.14,P,08053430
2022-07-26 00:00:00+00:00,2.27,P,08053430
2022-07-27 00:00:00+00:00,2.0,P,08053430
2022-07-28 00:00:00+00:00,1.66,P,08053430
2022-07-29 00:00:00+00:00,1.4,P,08053430
2022-07-30 00:00:00+00:00,1.48,P,08053430
2022-07-31 00:00:00+00:00,1.16,P,08053430
2022-08-01 00:00:00+00:00,0.81,P,08053430
2022-08-02 00:00:00+00:00,0.47,P,08053430
2022-08-03 00:00:00+00:00,0.72,P,08053430
2022-08-04 00:00:00+00:00,0.38,P,08053430
2022-08-05 00:00:00+00:00,0.22,P,08053430
2022-08-06 00:00:00+00:00,0.05,P,08053430
2022-08-07 00:00:00+00:00,0.0,P,08053430
2022-08-08 00:00:00+00:00,0.0,P,08053430
2022-08-09 00:00:00+00:00,0.0,P,08053430
2022-08-10 00:00:00+00:00,0.87,P,08053430
2022-08-11 00:00:00+00:00,1.93,P,08053430
2022-08-12 00:00:00+00:00,1.14,P,08053430
2022-08-13 00:00:00+00:00,0.66,P,08053430
2022-08-14 00:00:00+00:00,0.34,P,08053430
2022-08-15 00:00:00+00:00,0.2,P,08053430
2022-08-16 00:00:00+00:00,0.05,P,08053430
2022-08-17 00:00:00+00:00,0.03,P,08053430
2022-08-18 00:00:00+00:00,0.53,P,08053430
2022-08-19 00:00:00+00:00,1.55,P,08053430
2022-08-20 00:00:00+00:00,0.83,P,08053430
2022-08-21 00:00:00+00:00,1.77,P,08053430
2022-08-22 00:00:00+00:00,15.5,P,08053430
2022-08-23 00:00:00+00:00,21.3,P,08053430
2022-08-24 00:00:00+00:00,10.6,P,08053430
2022-08-25 00:00:00+00:00,4.6,P,08053430
2022-08-26 00:00:00+00:00,2.17,P,08053430
2022-08-27 00:00:00+00:00,1.18,P,08053430
2022-08-28 00:00:00+00:00,0.85,P,08053430
2022-08-29 00:00:00+00:00,0.59,P,08053430
2022-08-30 00:00:00+00:00,0.38,P,08053430
2022-08-31 00:00:00+00:00,0.87,P,08053430
2022-09-01 00:00:00+00:00,1.3,P,08053430
2022-09-02 00:00:00+00:00,3.11,P,08053430
2022-09-03 00:00:00+00:00,54.3,P,08053430
2022-09-04 00:00:00+00:00,17.1,P,08053430
2022-09-05 00:00:00+00:00,5.69,P,08053430
2022-09-06 00:00:00+00:00,3.1,P,08053430
2022-09-07 00:00:00+00:00,1.2,P,08053430
2022-09-08 00:00:00+00:00,0.17,P,08053430
2022-09-09 00:00:00+00:00,0.06,P,08053430
2022-09-10 00:00:00+00:00,0.0,P,08053430
2022-09-11 00:00:00+00:00,0.0,P,08053430
2022-09-12 00:00:00+00:00,0.0,P,08053430
2022-09-13 00:00:00+00:00,0.0,P,08053430
2022-09-14 00:00:00+00:00,0.0,P,08053430
2022-09-15 00:00:00+00:00,0.0,P,08053430
2022-09-16 00:00:00+00:00,0.0,P,08053430
2022-09-17 00:00:00+00:00,0.0,P,08053430
2022-09-18 00:00:00+00:00,0.0,P,08053430
2022-09-19 00:00:00+00:00,0.0,P,08053430
2022-09-20 00:00:00+00:00,0.0,P,08053430
